[{"name":"Alma, QC","address":"575 Claire Fontaine","address2":"","city":"Alma","state":"QC","zip":"G8B 7T3","COL 7":"575 Claire Fontaine  Alma QC G8B 7T3 ","lat":"48.5660839","lng":"-71.649142","phone":"418-662-9710","services":"","name2":"","name3":""}, {"name":"Ashland, KY","address":"806 Hoods Creek Pike","address2":"","city":"Ashland","state":"KY","zip":"41101","COL 7":"806 Hoods Creek Pike  Ashland KY 41101 ","lat":"38.4910891","lng":"-82.6679859","phone":"606-329-1306","services":"Industrial Cleaning & Maintenance","name2":"","name3":"MATT"}, {"name":"Atlanta, GA","address":"","address2":"","city":"Atlanta","state":"GA","zip":"30301","COL 7":"  Atlanta GA 30301 ","lat":"33.7600008","lng":"-84.3899963","phone":"404-745-9445","services":"Energy","name2":"","name3":"DANA"}, {"name":"Atlanta-Fulton County, GA","address":"","address2":"","city":"Atlanta-Fulton County","state":"GA","zip":"30022","COL 7":"  Atlanta-Fulton County GA 30022 ","lat":"34.029613","lng":"-84.238417","phone":"813-983-2800","services":"Water & Wastewater Services","name2":"","name3":"VICTORIA"}, {"name":"Azusa, CA","address":"107 South Motor Ave-","address2":"","city":"Azusa","state":"CA","zip":"91702","COL 7":"107 South Motor Ave-  Azusa CA 91702 ","lat":"34.1209916","lng":"-117.9352494","phone":"626-334-5117","services":"Regulated Waste & Resource Recovery","name2":"","name3":""}, {"name":"Baie-Comeau, QC","address":"51 Comeau","address2":"","city":"Baie-Comeau","state":"QC","zip":"G4Z 3A7","COL 7":"51 Comeau  Baie-Comeau QC G4Z 3A7 ","lat":"49.2199291","lng":"-68.1930609","phone":"418-296-3967","services":"","name2":"","name3":""}, {"name":"Baltimore, MD","address":"","address2":"","city":"Baltimore","state":"MD","zip":"21224","COL 7":"  Baltimore MD 21224 ","lat":"39.2713976","lng":"-76.5603828","phone":"813-983-2800","services":"Water & Wastewater Services","name2":"","name3":""}, {"name":"Baltimore, MD","address":"1400 Ridgely Street","address2":"","city":"Baltimore","state":"MD","zip":"21230","COL 7":"1400 Ridgely Street  Baltimore MD 21230 ","lat":"39.2762072","lng":"-76.6271628","phone":"410-649-2368","services":"Energy","name2":"","name3":""}, {"name":"Baton Rouge, LA","address":"3233 S- Sherwood - Forest Blvd-","address2":"Ste- 204A","city":"Baton Rouge","state":"LA","zip":"70816","COL 7":"3233 S- Sherwood - Forest Blvd- Ste- 204A Baton Rouge LA 70816 ","lat":"30.4232005","lng":"-91.0511091","phone":"225-293-4633","services":"Regulated Waste & Resource Recovery","name2":"","name3":""}, {"name":"Baytown KOH (TX)","address":"4415 1\/2 Oscar Nelson Jr- Dr-","address2":"","city":"Baytown","state":"TX","zip":"77532","COL 7":"4415 1\/2 Oscar Nelson Jr- Dr-  Baytown TX 77532 ","lat":"29.7171529","lng":"-94.9085147","phone":"281-573-4442","services":"","name2":"","name3":""}, {"name":"Baytown, TX","address":"1800 S- Highway, 146","address2":"","city":"Baytown","state":"TX","zip":"77520","COL 7":"1800 S- Highway, 146  Baytown TX 77520 ","lat":"29.7139803","lng":"-94.9846738","phone":"281-427-4099","services":"Regulated Waste & Resource Recovery","name2":"","name3":""}, {"name":"Baytown, TX","address":"3180 N- Highway 146","address2":"","city":"Baytown","state":"TX","zip":"77520","COL 7":"3180 N- Highway 146  Baytown TX 77520 ","lat":"29.760086","lng":"-94.9247298","phone":"713-307-2150","services":"Industrial Cleaning & Maintenance","name2":"","name3":""}, {"name":"Benicia, CA","address":"511 East Channel Road","address2":"","city":"Benicia","state":"CA","zip":"94510","COL 7":"511 East Channel Road  Benicia CA 94510 ","lat":"38.0712991","lng":"-122.1315365","phone":"707-745-0501","services":"Industrial Cleaning & Maintenance","name2":"","name3":""}, {"name":"Blaine, MN","address":"3230 101st Avenue, NE","address2":"","city":"Blaine","state":"MN","zip":"55449","COL 7":"3230 101st Avenue, NE  Blaine MN 55449 ","lat":"45.152664","lng":"-93.188503","phone":"763-786-3660","services":"Regulated Waste & Resource Recovery","name2":"","name3":""}, {"name":"Borderland, TX","address":"6501 Throwbridge Road","address2":"","city":"El Paso","state":"TX","zip":"79905","COL 7":"6501 Throwbridge Road  El Paso TX 79905 ","lat":"31.7728656","lng":"-106.399845","phone":"915-782-5552","services":"Water & Wastewater Services","name2":"","name3":""}, {"name":"Boston, MA","address":"53 State Street","address2":"","city":"Boston","state":"MA","zip":"02109","COL 7":"53 State Street  Boston MA 02109 ","lat":"42.3584972","lng":"-71.0561757","phone":"617-849-6600","services":"Energy, Regulated Waste & Resource Recovery, Water & Wastewater Services, Industrial Cleaning & Maintenance","name2":"","name3":""}, {"name":"Boston-Cambridge, MA","address":"","address2":"","city":"Boston","state":"MA","zip":"02141","COL 7":"  Boston MA 02141 ","lat":"42.3716445","lng":"-71.0809757","phone":"617-482-8080","services":"Energy","name2":"","name3":""}, {"name":"Bridgeport, IL","address":"140 Industry Road","address2":"","city":"Bridgeport","state":"IL","zip":"62417","COL 7":"140 Industry Road  Bridgeport IL 62417 ","lat":"38.7182085","lng":"-87.7578606","phone":"618-945-8500","services":"Industrial Cleaning & Maintenance","name2":"","name3":""}, {"name":"Buffalo, NY","address":"","address2":"","city":"Buffalo","state":"NY","zip":"14204","COL 7":"  Buffalo NY 14204 ","lat":"42.8801089","lng":"-78.8637428","phone":"617-849-6636","services":"Water & Wastewater Services","name2":"","name3":""}, {"name":"Burlingame, CA","address":"","address2":"","city":"Burlingame","state":"CA","zip":"94010","COL 7":"  Burlingame CA 94010 ","lat":"37.5778696","lng":"-122.34809","phone":"925-771-7207","services":"Water & Wastewater Services","name2":"","name3":""}, {"name":"Burnside - Darrow, LA","address":"3460 Highway 44","address2":"Ascension Parish","city":"Darrow","state":"LA","zip":"70725","COL 7":"3460 Highway 44 Ascension Parish Darrow LA 70725 ","lat":"30.1250069","lng":"-90.9105084","phone":"225-473-5981","services":"Water & Wastewater Services","name2":"","name3":""}, {"name":"Chambly, QC","address":"2630 Industriel","address2":"","city":"Chambly","state":"QC","zip":"J3L 4V2","COL 7":"2630 Industriel  Chambly QC J3L 4V2 ","lat":"45.4238315","lng":"-73.2779157","phone":"450-447-3022","services":"","name2":"","name3":""}, {"name":"Charlestown, MA","address":"27 West Street","address2":"","city":"Charlestown","state":"MA","zip":"02129","COL 7":"27 West Street  Charlestown MA 02129 ","lat":"42.385841","lng":"-71.074106","phone":"508-561-5897","services":"Regulated Waste & Resource Recovery","name2":"","name3":""}, {"name":"Chatham, ON","address":"141 Prosperity Way","address2":"","city":"Chatham-Kent","state":"ON","zip":"N7M 5J3","COL 7":"141 Prosperity Way  Chatham-Kent ON N7M 5J3 ","lat":"","lng":"","phone":"519-352-7773","services":"Regulated Waste & Resource Recovery, Industrial Cleaning & Maintenance","name2":"","name3":""}, {"name":"Contrecoeur, QC","address":"4050 Industrielle","address2":"","city":"Contrecoeur","state":"QC","zip":"J0L 1C0","COL 7":"4050 Industrielle  Contrecoeur QC J0L 1C0 ","lat":"45.8436405","lng":"-73.2481597","phone":"450-746-0006","services":"","name2":"","name3":""}, {"name":"Coquitlam, BC","address":"10 King Edward","address2":"","city":"Coquitlam","state":"BC","zip":"V3K 4S8","COL 7":"10 King Edward  Coquitlam BC V3K 4S8 ","lat":"49.230184","lng":"-122.861289","phone":"604-525-5261","services":"Industrial Cleaning & Maintenance","name2":"","name3":""}, {"name":"Corpus Christi Shale Services (TX)","address":"550 Flato Road","address2":"","city":"Corpus Christi","state":"TX","zip":"78460","COL 7":"550 Flato Road  Corpus Christi TX 78460 ","lat":"27.7747717","lng":"-97.4596676","phone":"318-547-7548","services":"Industrial Cleaning & Maintenance","name2":"","name3":""}, {"name":"Creedmoor, NC","address":"2176 Will Suitt Road","address2":"","city":"Creedmoor","state":"NC","zip":"27522","COL 7":"2176 Will Suitt Road  Creedmoor NC 27522 ","lat":"36.1313109","lng":"-78.729597","phone":"919-528-3996","services":"Regulated Waste & Resource Recovery","name2":"","name3":""}, {"name":"East Chicago, IN","address":"5137 Indianapolis Blvd-","address2":"","city":"East Chicago","state":"IN","zip":"46312","COL 7":"5137 Indianapolis Blvd-  East Chicago IN 46312 ","lat":"41.619769","lng":"-87.4806497","phone":"800-548-4458","services":"Regulated Waste & Resource Recovery","name2":"","name3":""}, {"name":"Fall River, MA","address":"","address2":"","city":"Fall River","state":"MA","zip":"02722","COL 7":"  Fall River MA 02722 ","lat":"41.7013978","lng":"-71.1558372","phone":"617-849-6636","services":"Water & Wastewater Services","name2":"","name3":""}, {"name":"Fermont, QB","address":"6316 Bertrand","address2":"","city":"Fermont","state":"QC","zip":"G0G1J0","COL 7":"6316 Bertrand  Fermont QC G0G1J0 ","lat":"52.8049508","lng":"-67.0972586","phone":"418-287-3404","services":"","name2":"","name3":""}, {"name":"Flanders, NJ","address":"One Eden Lane","address2":"","city":"Flanders","state":"NJ","zip":"07836","COL 7":"One Eden Lane  Flanders NJ 07836 ","lat":"40.879343","lng":"-74.699333","phone":"973-347-7111","services":"Regulated Waste & Resource Recovery","name2":"","name3":""}, {"name":"Fort Atkinson, WI","address":"1203 Klement Street","address2":"","city":"Fort Atkinson","state":"WI","zip":"53538","COL 7":"1203 Klement Street  Fort Atkinson WI 53538 ","lat":"42.912352","lng":"-88.854232","phone":"920-563-3729","services":"Industrial Cleaning & Maintenance","name2":"","name3":""}, {"name":"Fort Hill, OH","address":"11215 Brower Road","address2":"North Bend","city":"Cincinnati","state":"OH","zip":"45052","COL 7":"11215 Brower Road North Bend Cincinnati OH 45052 ","lat":"39.1153989","lng":"-84.813838","phone":"513-941-4121","services":"Water & Wastewater Services","name2":"","name3":""}, {"name":"Fort St- James, BC","address":"","address2":"","city":"Fort St- James","state":"BC","zip":"BC V0J","COL 7":"  Fort St- James BC BC V0J ","lat":"54.4425721","lng":"-124.2510475","phone":"604-398-3139","services":"Energy","name2":"","name3":""}, {"name":"Fredericksburg, VA","address":"24 Commerce Parkway","address2":"","city":"Fredericksburg","state":"VA","zip":"22406","COL 7":"24 Commerce Parkway  Fredericksburg VA 22406 ","lat":"38.351393","lng":"-77.509886","phone":"540-368-9780","services":"Regulated Waste & Resource Recovery","name2":"","name3":""}, {"name":"Freeport, TX","address":"324 Commerce Street","address2":"","city":"Clute","state":"TX","zip":"77531","COL 7":"324 Commerce Street  Clute TX 77531 ","lat":"29.0117221","lng":"-95.3988871","phone":"979-388-0029","services":"Industrial Cleaning & Maintenance","name2":"","name3":""}, {"name":"Fremont, CA","address":"3797 Spinnaker Court","address2":"","city":"Fremont","state":"CA","zip":"94538","COL 7":"3797 Spinnaker Court  Fremont CA 94538 ","lat":"37.4778183","lng":"-121.9424038","phone":"916-379-9675","services":"Regulated Waste & Resource Recovery","name2":"","name3":""}, {"name":"Germantown, WI","address":"N104 W13275 Donges Bay Road","address2":"","city":"Germantown","state":"WI","zip":"53022","COL 7":"N104 W13275 Donges Bay Road  Germantown WI 53022 ","lat":"43.206481","lng":"-88.092972","phone":"262-236-8130","services":"Industrial Cleaning & Maintenance","name2":"","name3":""}, {"name":"Grand Rapids, MI","address":"","address2":"","city":"Grand Rapids","state":"MI","zip":"49503","COL 7":"  Grand Rapids MI 49503 ","lat":"42.9616689","lng":"-85.6588999","phone":"616-356-2535","services":"Energy","name2":"","name3":""}, {"name":"Greenville, WI","address":"W6490B Specialty Drive","address2":"","city":"Greenville","state":"WI","zip":"54942","COL 7":"W6490B Specialty Drive  Greenville WI 54942 ","lat":"44.2781649","lng":"-88.5162683","phone":"920-757-5265","services":"Regulated Waste & Resource Recovery","name2":"","name3":""}, {"name":"Gresham, OR","address":"","address2":"","city":"Gresham","state":"OR","zip":"97024","COL 7":"  Gresham OR 97024 ","lat":"45.5539123","lng":"-122.4463614","phone":"925-771-7207","services":"Water & Wastewater Services","name2":"","name3":""}, {"name":"Gurabo, PR","address":"Road 189 Km- 2-1","address2":"","city":"Cagus","state":"PR","zip":"00778","COL 7":"Road 189 Km- 2-1  Cagus PR 00778 ","lat":"","lng":"","phone":"787-744-0070","services":"Regulated Waste & Resource Recovery","name2":"","name3":""}, {"name":"Hamilton, ON","address":"80 Birmingham Road","address2":"","city":"Hamilton","state":"ON","zip":"L8L 6W5","COL 7":"80 Birmingham Road  Hamilton ON L8L 6W5 ","lat":"43.2611431","lng":"-79.8257242","phone":"905-547-5661","services":"Industrial Cleaning & Maintenance","name2":"","name3":""}, {"name":"Hammond, IN","address":"610 131st Place","address2":"","city":"Hammond","state":"IN","zip":"46327","COL 7":"610 131st Place  Hammond IN 46327 ","lat":"41.654939","lng":"-87.513297","phone":"219-473-9360","services":"","name2":"","name3":""}, {"name":"Henderson, CO","address":"9131 E- 96th Avenue","address2":"","city":"Henderson","state":"CO","zip":"80640","COL 7":"9131 E- 96th Avenue  Henderson CO 80640 ","lat":"39.875895","lng":"-104.88288","phone":"617-833-2664","services":"Regulated Waste & Resource Recovery","name2":"","name3":""}, {"name":"Hilbert, WI","address":"","address2":"","city":"Hilbert","state":"WI","zip":"54129","COL 7":"  Hilbert WI 54129 ","lat":"44.1402681","lng":"-88.1639909","phone":"616-356-2535","services":"Energy","name2":"","name3":""}, {"name":"Honolulu, HI","address":"","address2":"","city":"Honolulu","state":"HI","zip":"96813","COL 7":"  Honolulu HI 96813 ","lat":"21.3136151","lng":"-157.8480364","phone":"925-771-7207","services":"Water & Wastewater Services","name2":"","name3":""}, {"name":"Hopewell, VA","address":"745 Harvest Road","address2":"","city":"Prince George","state":"VA","zip":"23875","COL 7":"745 Harvest Road  Prince George VA 23875 ","lat":"37.2435217","lng":"-77.2673834","phone":"804-796-6994","services":"","name2":"","name3":""}, {"name":"Houston, TX","address":"4760 World Houston Parkway","address2":"Suite 100","city":"Houston","state":"TX","zip":"77032","COL 7":"4760 World Houston Parkway Suite 100 Houston TX 77032 ","lat":"29.9427937","lng":"-95.3191997","phone":"713-672-8004","services":"","name2":"","name3":""}, {"name":"Houston, TX","address":"5085 Westheimer Road","address2":"","city":"Houston","state":"TX","zip":"77056","COL 7":"5085 Westheimer Road  Houston TX 77056 ","lat":"29.7397946","lng":"-95.4631754","phone":"713-966-3571","services":"Energy","name2":"","name3":""}, {"name":"Huber Heights, OH","address":"6151 Executive Blvd","address2":"","city":"Huber Heights","state":"OH","zip":"45424","COL 7":"6151 Executive Blvd  Huber Heights OH 45424 ","lat":"39.8708012","lng":"-84.1251946","phone":"937-237-1097","services":"Industrial Cleaning & Maintenance","name2":"","name3":""}, {"name":"Huntington Beach, CA","address":"5202 Oceanus Drive","address2":"","city":"Huntington Beach","state":"CA","zip":"92649","COL 7":"5202 Oceanus Drive  Huntington Beach CA 92649 ","lat":"33.7422824","lng":"-118.0378941","phone":"714-379-6000","services":"Industrial Cleaning & Maintenance","name2":"","name3":""}, {"name":"Indianapolis, IN","address":"101 West Washington Street","address2":"Ste- 1400 East","city":"Indianapolis","state":"IN","zip":"46204","COL 7":"101 West Washington Street Ste- 1400 East Indianapolis IN 46204 ","lat":"39.7666114","lng":"-86.1603663","phone":"317-917-3700","services":"Regulated Waste & Resource Recovery","name2":"","name3":""}, {"name":"Jacksonville, FL","address":"591 Picketville Road","address2":"","city":"Jacksonville","state":"FL","zip":"32220","COL 7":"591 Picketville Road  Jacksonville FL 32220 ","lat":"30.328293","lng":"-81.767109","phone":"904-781-5643","services":"Industrial Cleaning & Maintenance","name2":"","name3":""}, {"name":"Jonqui\u00e9re, QC","address":"1995 Fay","address2":"","city":"Saguenay","state":"QC","zip":"G7S 2N5","COL 7":"1995 Fay  Saguenay QC G7S 2N5 ","lat":"48.4221599","lng":"-71.1934642","phone":"418-548-8247","services":"","name2":"","name3":""}, {"name":"Kansas City, MO","address":"2250 N- Church Road","address2":"","city":"Liberty","state":"MO","zip":"64068","COL 7":"2250 N- Church Road  Liberty MO 64068 ","lat":"39.2752162","lng":"-94.4382884","phone":"816-781-3000","services":"Industrial Cleaning & Maintenance","name2":"","name3":""}, {"name":"Kansas City, MO","address":"","address2":"","city":"Kansas City","state":"MO","zip":"64106","COL 7":"  Kansas City MO 64106 ","lat":"39.1040382","lng":"-94.5701803","phone":"816-889-4900","services":"Energy","name2":"","name3":""}, {"name":"Kent, WA","address":"22429 76th Ave- South","address2":"","city":"Kent","state":"WA","zip":"98032","COL 7":"22429 76th Ave- South  Kent WA 98032 ","lat":"47.4001411","lng":"-122.2387461","phone":"253-872-4428","services":"Regulated Waste & Resource Recovery","name2":"","name3":""}, {"name":"La Place, LA","address":"149 Woodland Drive","address2":"","city":"La Place","state":"LA","zip":"70068","COL 7":"149 Woodland Drive  La Place LA 70068 ","lat":"30.0859998","lng":"-90.450795","phone":"985-652-0187","services":"Industrial Cleaning & Maintenance","name2":"","name3":""}, {"name":"La Porte, TX","address":"1980 N Hwy 146","address2":"","city":"La Porte","state":"TX","zip":"77571","COL 7":"1980 N Hwy 146  La Porte TX 77571 ","lat":"29.6904032","lng":"-95.0281134","phone":"713-307-2100","services":"Industrial Cleaning & Maintenance","name2":"","name3":""}, {"name":"La Tuque, QC","address":"509 Joffre","address2":"","city":"La Tuque","state":"QC","zip":"G9X 2M8","COL 7":"509 Joffre  La Tuque QC G9X 2M8 ","lat":"47.4404179","lng":"-72.7790656","phone":"819-523-4763","services":"","name2":"","name3":""}, {"name":"Las Vegas, NV","address":"","address2":"","city":"Las Vegas","state":"NV","zip":"89109","COL 7":"  Las Vegas NV 89109 ","lat":"36.128561","lng":"-115.1711298","phone":"702-733-5386 ","services":"Energy","name2":"","name3":""}, {"name":"L\u00e8vis, QC","address":"2800 de l'Etchemin","address2":"","city":"L\u00e8vis","state":"QC","zip":"G6W 7X6","COL 7":"2800 de l'Etchemin  L\u00e8vis QC G6W 7X6 ","lat":"46.750676","lng":"-71.183853","phone":"418-835-3750 ","services":"","name2":"","name3":""}, {"name":"Livonia, MI","address":"11681 Levan Road","address2":"","city":"Livonia","state":"MI","zip":"48150","COL 7":"11681 Levan Road  Livonia MI 48150 ","lat":"42.3685844","lng":"-83.4015912","phone":"734-632-8459 ","services":"Regulated Waste & Resource Recovery","name2":"","name3":""}, {"name":"Lombard, IL","address":"700 E- Butterfield Road, Suite 201","address2":"","city":"Lombard","state":"IL","zip":"60148","COL 7":"700 E- Butterfield Road, Suite 201  Lombard IL 60148 ","lat":"41.8404582","lng":"-87.9988419","phone":"630-218-1500","services":"Regulated Waste & Resource Recovery","name2":"","name3":""}, {"name":"London, ON","address":"459 Exeter Road","address2":"","city":"London","state":"ON","zip":"N6E 2Z3","COL 7":"459 Exeter Road  London ON N6E 2Z3 ","lat":"42.9242774","lng":"-81.235663","phone":"519-668-3149","services":"Industrial Cleaning & Maintenance","name2":"","name3":""}, {"name":"Los Angeles, CA","address":"","address2":"","city":"Los Angeles","state":"CA","zip":"90067","COL 7":"  Los Angeles CA 90067 ","lat":"34.0571327","lng":"-118.4148498","phone":"909-614-2700","services":"Energy","name2":"","name3":""}, {"name":"Louisville, KY","address":"4850 Crittenden Drive","address2":"","city":"Louisville","state":"KY","zip":"40209","COL 7":"4850 Crittenden Drive  Louisville KY 40209 ","lat":"38.1772856","lng":"-85.7507748","phone":"502-375-2386","services":"Regulated Waste & Resource Recovery","name2":"","name3":""}, {"name":"Marlborough, MA","address":"398 Cedar Hill St-","address2":"","city":"Marlborough","state":"MA","zip":"01752","COL 7":"398 Cedar Hill St-  Marlborough MA 01752 ","lat":"42.31905769999999","lng":"-71.59492399999999","phone":"508-561-5897","services":"Regulated Waste & Resource Recovery","name2":"","name3":""}, {"name":"Matane, QC","address":"88 Durette","address2":"","city":"Matane","state":"QC","zip":"G4W OJ6","COL 7":"88 Durette  Matane QC G4W OJ6 ","lat":"","lng":"","phone":"418-562-6085","services":"","name2":"","name3":""}, {"name":"MATEP (MA)","address":"Medical Area Total Energy Plant","address2":"","city":"Boston","state":"MA","zip":"02119","COL 7":"Medical Area Total Energy Plant  Boston MA 02119 ","lat":"42.32182359999999","lng":"-71.08840359999999","phone":"617-598-2700","services":"Energy","name2":"","name3":""}, {"name":"McClellandtown, PA","address":"1006 McClellandtown Road","address2":"","city":"McClellandtown","state":"PA","zip":"15458","COL 7":"1006 McClellandtown Road  McClellandtown PA 15458 ","lat":"39.8928025","lng":"-79.8264539","phone":"304-610-9912","services":"Industrial Cleaning & Maintenance","name2":"","name3":""}, {"name":"Menomonee Falls, WI","address":"W 124 N 9451 Boundary Rd-","address2":"","city":"Menomonee Falls","state":"WI","zip":"53051","COL 7":"W 124 N 9451 Boundary Rd-  Menomonee Falls WI 53051 ","lat":"43.174487","lng":"-88.0639569","phone":"262-255-6655","services":"Regulated Waste & Resource Recovery","name2":"","name3":""}, {"name":"Merritt, BC","address":"","address2":"","city":"Merritt","state":"BC","zip":"V1K 1L4","COL 7":"  Merritt BC V1K 1L4 ","lat":"50.1000828","lng":"-120.809066","phone":"604-398-3139","services":"Energy","name2":"","name3":""}, {"name":"Middlesex, NJ","address":"125 River Road","address2":"","city":"Middlesex","state":"NJ","zip":"08846","COL 7":"125 River Road  Middlesex NJ 08846 ","lat":"40.5588322","lng":"-74.5210724","phone":"732-469-5100","services":"Regulated Waste & Resource Recovery","name2":"","name3":""}, {"name":"Milwaukee, WI","address":"","address2":"","city":"Milwaukee","state":"WI","zip":"53207","COL 7":"  Milwaukee WI 53207 ","lat":"42.9712071","lng":"-87.9040571","phone":"630-388-0730","services":"Water & Wastewater Services","name2":"","name3":""}, {"name":"Mitchell, IL","address":"121 East Chain of Rocks Road","address2":"","city":"Mitchell","state":"IL","zip":"62040","COL 7":"121 East Chain of Rocks Road  Mitchell IL 62040 ","lat":"38.7617014","lng":"-90.0908378","phone":"618-931-0010","services":"Industrial Cleaning & Maintenance","name2":"","name3":""}, {"name":"Montreal Est, QC","address":"11455 Ontario Est","address2":"","city":"Montreal Est","state":"QC","zip":"H1B 5J3","COL 7":"11455 Ontario Est  Montreal Est QC H1B 5J3 ","lat":"45.635909","lng":"-73.513093","phone":"514-645-4242","services":"","name2":"","name3":""}, {"name":"Montreal, QC (CCUM)","address":"120 Rue Nazareth","address2":"","city":"Montreal","state":"QC","zip":"H3C 2L4","COL 7":"120 Rue Nazareth  Montreal QC H3C 2L4 ","lat":"45.495655","lng":"-73.556423","phone":"514-954-1983","services":"Energy","name2":"","name3":""}, {"name":"Montreal, QC (CHUM)","address":"555, boul- Rene-Levesque Ouest","address2":"Bureau 700","city":"Montreal","state":"QC","zip":"H2Z 1B1","COL 7":"555, boul- Rene-Levesque Ouest Bureau 700 Montreal QC H2Z 1B1 ","lat":"45.5036267","lng":"-73.5663678","phone":"514-954-1983","services":"Energy","name2":"","name3":""}, {"name":"Montreal, QC (Hydro-Quebec)","address":"Hydro-Quebec Data Center","address2":"","city":"Montreal","state":"QC","zip":"H2Z 1B1","COL 7":"Hydro-Quebec Data Center  Montreal QC H2Z 1B1 ","lat":"45.5037256","lng":"-73.566565","phone":"514-954-1983","services":"","name2":"","name3":""}, {"name":"Montreal, QC","address":"1705 3e Avenue","address2":"","city":"Montreal","state":"QC","zip":"H1B 5M9","COL 7":"1705 3e Avenue  Montreal QC H1B 5M9 ","lat":"45.6376411","lng":"-73.5079831","phone":"514-645-1045","services":"Regulated Waste & Resource Recovery, Industrial Cleaning & Maintenance","name2":"","name3":""}, {"name":"Mooresville, NC","address":"126 Commercial Drive","address2":"","city":"Mooresville","state":"NC","zip":"28115","COL 7":"126 Commercial Drive  Mooresville NC 28115 ","lat":"35.557577","lng":"-80.8210002","phone":"704-662-3044","services":"Regulated Waste & Resource Recovery","name2":"","name3":""}, {"name":"Morrow, GA","address":"5371 Cook Road","address2":"","city":"Morrow","state":"GA","zip":"30260","COL 7":"5371 Cook Road  Morrow GA 30260 ","lat":"33.608997","lng":"-84.322331","phone":"404-361-6181","services":"Regulated Waste & Resource Recovery","name2":"","name3":""}, {"name":"Morses Mill, NJ","address":"1802 Morses Mill Road","address2":"Linden","city":"Elizabeth","state":"NJ","zip":"07036","COL 7":"1802 Morses Mill Road Linden Elizabeth NJ 07036 ","lat":"40.6250927","lng":"-74.2269395","phone":"908-290-9114","services":"Water & Wastewater Services","name2":"","name3":""}, {"name":"Mt- Laurel, NJ","address":"1 Sabol Way","address2":"","city":"Mt- Laurel","state":"NJ","zip":"08054","COL 7":"1 Sabol Way  Mt- Laurel NJ 08054 ","lat":"39.9358189","lng":"-74.90918529999999","phone":"215-875-6900","services":"Energy","name2":"","name3":""}, {"name":"Nashville, TN","address":"708 Swan Drive","address2":"","city":"Smyrna","state":"TN","zip":"37167","COL 7":"708 Swan Drive  Smyrna TN 37167 ","lat":"36.0000073","lng":"-86.4933874","phone":"937-604-2382","services":"Regulated Waste & Resource Recovery","name2":"","name3":""}, {"name":"New Lenox, IL","address":"106 Ford Drive","address2":"","city":"New Lenox","state":"IL","zip":"60451","COL 7":"106 Ford Drive  New Lenox IL 60451 ","lat":"41.488197","lng":"-87.967604","phone":"815-836-8813","services":"Industrial Cleaning & Maintenance","name2":"","name3":""}, {"name":"New London, CT","address":"","address2":"","city":"New London","state":"CT","zip":"06320","COL 7":"  New London CT 06320 ","lat":"41.3631426","lng":"-72.106068","phone":"617-849-6636","services":"Water & Wastewater Services","name2":"","name3":""}, {"name":"New Orleans, LA (KOH)","address":"500 Bonita Drive","address2":"","city":"Chalmette","state":"LA","zip":"70043","COL 7":"500 Bonita Drive  Chalmette LA 70043 ","lat":"29.9369058","lng":"-89.9844444","phone":"504-278-0021 ","services":"","name2":"","name3":""}, {"name":"New Orleans, LA","address":"","address2":"","city":"New Orleans","state":"LA","zip":"70165","COL 7":"  New Orleans LA 70165 ","lat":"29.9442387","lng":"-90.0712054","phone":"813-983-2800","services":"Water & Wastewater Services","name2":"","name3":""}, {"name":"New York City, NY","address":"","address2":"","city":"New York City","state":"NY","zip":"10001","COL 7":"  New York City NY 10001 ","lat":"40.7536854","lng":"-73.9991637","phone":"617-849-6636","services":"Water & Wastewater Services","name2":"","name3":""}, {"name":"New York City, NY","address":"","address2":"","city":"New York City","state":"NY","zip":"10007","COL 7":"  New York City NY 10007 ","lat":"40.7136487","lng":"-74.0087126","phone":"212-612-7600","services":"Energy","name2":"","name3":""}, {"name":"Newington, CT","address":"136 Rockwell Road","address2":"","city":"Newington","state":"CT","zip":"06111","COL 7":"136 Rockwell Road  Newington CT 06111 ","lat":"41.6583402","lng":"-72.7327191","phone":"508-561-5897","services":"Regulated Waste & Resource Recovery","name2":"","name3":""}, {"name":"Nitro, WV","address":"7 Park Drive Hub Industrial Center","address2":"","city":"Nitro","state":"WV","zip":"25143","COL 7":"7 Park Drive Hub Industrial Center  Nitro WV 25143 ","lat":"38.4148146","lng":"-81.8440197","phone":"304-755-0105","services":"Industrial Cleaning & Maintenance","name2":"","name3":""}, {"name":"North East, MD","address":"95 North Leslie Road","address2":"","city":"North East","state":"MD","zip":"21901","COL 7":"95 North Leslie Road  North East MD 21901 ","lat":"39.619086","lng":"-75.954448","phone":"410-287-7200","services":"Industrial Cleaning & Maintenance","name2":"","name3":""}, {"name":"North Jackson, OH","address":"12480 B DeBartolo Drive","address2":"","city":"North Jackson","state":"OH","zip":"44451","COL 7":"12480 B DeBartolo Drive  North Jackson OH 44451 ","lat":"41.094861","lng":"-80.884517","phone":"330-538-0600","services":"Regulated Waste & Resource Recovery","name2":"","name3":""}, {"name":"North Salt Lake, UT","address":"709 N- Taylor Way, Suite 1","address2":"","city":"North Salt Lake","state":"UT","zip":"84054","COL 7":"709 N- Taylor Way, Suite 1  North Salt Lake UT 84054 ","lat":"40.8548243","lng":"-111.9162994","phone":"617-833-2664","services":"Regulated Waste & Resource Recovery","name2":"","name3":""}, {"name":"North Salt Lake, UT","address":"709 N- Taylor Way, Suite B","address2":"","city":"North Salt Lake","state":"UT","zip":"84054","COL 7":"709 N- Taylor Way, Suite B  North Salt Lake UT 84054 ","lat":"40.8548243","lng":"-111.9162994","phone":"801-294-2992","services":"Industrial Cleaning & Maintenance","name2":"","name3":""}, {"name":"Norway, MI","address":"410 11th Avenue","address2":"","city":"Norway","state":"MI","zip":"49870","COL 7":"410 11th Avenue  Norway MI 49870 ","lat":"45.7911624","lng":"-87.9101719","phone":"906-774-4280","services":"Industrial Cleaning & Maintenance","name2":"","name3":""}, {"name":"Oklahoma City, OK","address":"","address2":"","city":"Oklahoma City","state":"OK","zip":"73134","COL 7":"  Oklahoma City OK 73134 ","lat":"35.6172679","lng":"-97.5734783","phone":"630-388-0730","services":"Water & Wastewater Services","name2":"","name3":""}, {"name":"Oklahoma City, OK","address":"","address2":"","city":"Oklahoma City","state":"OK","zip":"73102","COL 7":"  Oklahoma City OK 73102 ","lat":"35.4711808","lng":"-97.516602","phone":"405-272-0388","services":"Energy","name2":"","name3":""}, {"name":"Ottawa, ON","address":"4140 Belgreen Dr","address2":"","city":"Ottawa","state":"ON","zip":"K1G 3N2","COL 7":"4140 Belgreen Dr  Ottawa ON K1G 3N2 ","lat":"45.3829908","lng":"-75.5905843","phone":"613-739-1150","services":"Regulated Waste & Resource Recovery","name2":"","name3":""}, {"name":"Philadelphia, PA","address":"3100 Hedley Street","address2":"","city":"Philadelphia","state":"PA","zip":"19137","COL 7":"3100 Hedley Street  Philadelphia PA 19137 ","lat":"39.9922068","lng":"-75.0737146","phone":"215-289-3700","services":"Regulated Waste & Resource Recovery","name2":"","name3":""}, {"name":"Philadelphia, PA","address":"","address2":"","city":"Philadelphia","state":"PA","zip":"19102","COL 7":"  Philadelphia PA 19102 ","lat":"39.9556241","lng":"-75.1647529","phone":"215-875-6900","services":"Energy","name2":"","name3":""}, {"name":"Phoenix, AZ","address":"5736 West Jefferson","address2":"","city":"Phoenix","state":"AZ","zip":"85043","COL 7":"5736 West Jefferson  Phoenix AZ 85043 ","lat":"33.4463987","lng":"-112.1849102","phone":"602-233-2955","services":"Regulated Waste & Resource Recovery","name2":"","name3":""}, {"name":"Pickering, ON","address":"820 McKay Road","address2":"","city":"Pickering","state":"ON","zip":"L1W 2Y4","COL 7":"820 McKay Road  Pickering ON L1W 2Y4 ","lat":"43.8212876","lng":"-79.0539978","phone":"905-686-2111","services":"Regulated Waste & Resource Recovery, Industrial Cleaning & Maintenance","name2":"","name3":""}, {"name":"Pittsburg, TX","address":"204 N- Greer Blvd","address2":"","city":"Pittsburg","state":"TX","zip":"75686","COL 7":"204 N- Greer Blvd  Pittsburg TX 75686 ","lat":"32.9972305","lng":"-94.9587561","phone":"903-856-6000","services":"Industrial Cleaning & Maintenance","name2":"","name3":""}, {"name":"Pittsburgh, PA","address":"","address2":"","city":"Pittsburgh","state":"PA","zip":"15222","COL 7":"  Pittsburgh PA 15222 ","lat":"40.4475255","lng":"-79.9933976","phone":"617-849-6636","services":"Water & Wastewater Services","name2":"","name3":""}, {"name":"Poca, WV","address":"350 Jacobson Drive","address2":"","city":"Poca","state":"WV","zip":"25159","COL 7":"350 Jacobson Drive  Poca WV 25159 ","lat":"38.4534329","lng":"-81.821937","phone":"304-759-1055","services":"Regulated Waste & Resource Recovery","name2":"","name3":""}, {"name":"Ponca City, OK","address":"704 E- Hubbard Road","address2":"","city":"Ponca City","state":"OK","zip":"74601","COL 7":"704 E- Hubbard Road  Ponca City OK 74601 ","lat":"36.752348","lng":"-97.075766","phone":"580-762-4111","services":"Industrial Cleaning & Maintenance","name2":"","name3":""}, {"name":"Port Arthur, TX","address":"5959 Highway 69","address2":"","city":"Port Arthur","state":"TX","zip":"77640","COL 7":"5959 Highway 69  Port Arthur TX 77640 ","lat":"30.3422218","lng":"-94.2810269","phone":"409-963-0151","services":"Industrial Cleaning & Maintenance","name2":"","name3":""}, {"name":"Port Arthur, TX","address":"7665 Texas Highway 73","address2":"","city":"Beaumont","state":"TX","zip":"77705","COL 7":"7665 Texas Highway 73  Beaumont TX 77705 ","lat":"29.8558423","lng":"-94.097933","phone":"409-736-2821","services":"Regulated Waste & Resource Recovery","name2":"","name3":""}, {"name":"Port Washington, WI","address":"1275 Mineral Springs Drive","address2":"","city":"Port Washington","state":"WI","zip":"53074","COL 7":"1275 Mineral Springs Drive  Port Washington WI 53074 ","lat":"43.3716933","lng":"-87.8886938","phone":"262-243-8900","services":"Regulated Waste & Resource Recovery","name2":"","name3":""}, {"name":"Portland, OR","address":"1477 Northwest Everett Street","address2":"","city":"Portland","state":"OR","zip":"97209","COL 7":"1477 Northwest Everett Street  Portland OR 97209 ","lat":"45.5252454","lng":"-122.6859204","phone":"909-614-2709 ","services":"Energy","name2":"","name3":""}, {"name":"Puerto Rico, USA","address":"","address2":"","city":"Juana Diaz","state":"PR","zip":"00795","COL 7":"  Juana Diaz PR 00795 ","lat":"18.0534372","lng":"-66.5075079","phone":"212-612-7600 ","services":"Energy","name2":"","name3":""}, {"name":"Red Lion (DE)","address":"766 Governor Lea Road","address2":"New Castle County","city":"New Castle","state":"DE","zip":"19720","COL 7":"766 Governor Lea Road New Castle County New Castle DE 19720 ","lat":"39.59482","lng":"-75.636266","phone":"302-834-5900 ","services":"Water & Wastewater Services","name2":"","name3":""}, {"name":"Rialto, CA","address":"","address2":"","city":"Rialto","state":"CA","zip":"92313","COL 7":"  Rialto CA 92313 ","lat":"34.0343775","lng":"-117.3087578","phone":"925-771-7207 ","services":"Water & Wastewater Services","name2":"","name3":""}, {"name":"Richmond, CA","address":"1125 Hensley Street","address2":"","city":"Richmond","state":"CA","zip":"94801","COL 7":"1125 Hensley Street  Richmond CA 94801 ","lat":"37.9492986","lng":"-122.3636855","phone":"626-334-5117 ","services":"Regulated Waste & Resource Recovery","name2":"","name3":""}, {"name":"Richmond, CA","address":"","address2":"","city":"Richmond","state":"CA","zip":"94804","COL 7":"  Richmond CA 94804 ","lat":"37.9158152","lng":"-122.3390936","phone":"925-771-7207 ","services":"Water & Wastewater Services","name2":"","name3":""}, {"name":"Richmond, VA","address":"1201 Bellwood Road","address2":"","city":"Richmond","state":"VA","zip":"23237","COL 7":"1201 Bellwood Road  Richmond VA 23237 ","lat":"37.4164161","lng":"-77.4121583","phone":"804-309-3937 ","services":"Water & Wastewater Services","name2":"","name3":""}, {"name":"Richmond, VA","address":"2910 Deepwater Terminal Road","address2":"","city":"Richmond","state":"VA","zip":"23234","COL 7":"2910 Deepwater Terminal Road  Richmond VA 23234 ","lat":"37.483696","lng":"-77.430013","phone":"804-233-6980","services":"Regulated Waste & Resource Recovery","name2":"","name3":""}, {"name":"Rockdale, TX","address":"4437 South US Hwy 77","address2":"","city":"Rockdale","state":"TX","zip":"76567","COL 7":"4437 South US Hwy 77  Rockdale TX 76567 ","lat":"30.6083556","lng":"-97.0058814","phone":"512-446-6758 ","services":"Industrial Cleaning & Maintenance","name2":"","name3":""}, {"name":"Rouyn-Noranda, QC","address":"137 Avenue Marcel-Baril","address2":"","city":"Rouyn-Noranda","state":"QC","zip":"J9X 7B9","COL 7":"137 Avenue Marcel-Baril  Rouyn-Noranda QC J9X 7B9 ","lat":"48.2592199","lng":"-79.0151828","phone":"819-762-6577 ","services":"","name2":"","name3":""}, {"name":"Sacramento, CA","address":"8310 Umbria Avenue","address2":"","city":"Sacramento","state":"CA","zip":"95828","COL 7":"8310 Umbria Avenue  Sacramento CA 95828 ","lat":"38.5211015","lng":"-121.3921228","phone":"916-379-0872 ","services":"Regulated Waste & Resource Recovery","name2":"","name3":""}, {"name":"Saddleback College (CA)","address":"Saddleback College","address2":"","city":"Mission Viejo","state":"CA","zip":"92692","COL 7":"Saddleback College  Mission Viejo CA 92692 ","lat":"33.5509036","lng":"-117.6655811","phone":"909-614-2700 ","services":"Energy","name2":"","name3":""}, {"name":"San Diego, CA","address":"9530 Candida Street","address2":"","city":"San Diego","state":"CA","zip":"92126","COL 7":"9530 Candida Street  San Diego CA 92126 ","lat":"32.8963363","lng":"-117.1222963","phone":"858-244-0486","services":"Regulated Waste & Resource Recovery","name2":"","name3":""}, {"name":"San Ysidro, CA","address":"","address2":"","city":"San Ysidro","state":"CA","zip":"92143","COL 7":"  San Ysidro CA 92143 ","lat":"32.55","lng":"-117.04","phone":"925-771-7207 ","services":"Water & Wastewater Services","name2":"","name3":""}, {"name":"Sarnia, ON","address":"275 Campbell Street","address2":"","city":"Sarnia","state":"ON","zip":"N7T 2H2","COL 7":"275 Campbell Street  Sarnia ON N7T 2H2 ","lat":"42.958895","lng":"-82.396503","phone":"519-336-7419","services":"Industrial Cleaning & Maintenance","name2":"","name3":""}, {"name":"Sarnia, ON","address":"605 Scott Road","address2":"","city":"Sarnia","state":"ON","zip":"N7T 8G3","COL 7":"605 Scott Road  Sarnia ON N7T 8G3 ","lat":"42.939196","lng":"-82.397318","phone":"519-336-3330 ","services":"Industrial Cleaning & Maintenance","name2":"","name3":""}, {"name":"Sauget, IL","address":"7 Mobile Avenue","address2":"","city":"Sauget","state":"IL","zip":"62201","COL 7":"7 Mobile Avenue  Sauget IL 62201 ","lat":"38.59481","lng":"-90.185003","phone":"618-271-2804","services":"Regulated Waste & Resource Recovery","name2":"","name3":""}, {"name":"Schenectady, NY","address":"126 Morris Road","address2":"","city":"Schenactady","state":"NY","zip":"12304","COL 7":"126 Morris Road  Schenactady NY 12304 ","lat":"42.7483782","lng":"-73.8874328","phone":"518-382-0246","services":"Regulated Waste & Resource Recovery","name2":"","name3":""}, {"name":"Sept-\u00eeles, QC","address":"268 des Pionniers","address2":"","city":"Sept-\u00eeles","state":"QC","zip":"G4R 4K2","COL 7":"268 des Pionniers  Sept-\u00eeles QC G4R 4K2 ","lat":"50.2128415","lng":"-66.305326","phone":"418-962-0233 ","services":"Regulated Waste & Resource Recovery, Industrial Cleaning & Maintenance","name2":"","name3":""}, {"name":"Sheboygan, WI","address":"635 Old County Road PP","address2":"","city":"Sheboygan Falls","state":"WI","zip":"53085","COL 7":"635 Old County Road PP  Sheboygan Falls WI 53085 ","lat":"43.72078","lng":"-87.830284","phone":"920-550-2626 ","services":"Industrial Cleaning & Maintenance","name2":"","name3":""}, {"name":"St-Hyacinthe, QC","address":"7950 Pion","address2":"","city":"St--Hyacinthe","state":"QC","zip":"J2R 1R9","COL 7":"7950 Pion  St--Hyacinthe QC J2R 1R9 ","lat":"45.6501271","lng":"-72.9709161","phone":"450-796-6060","services":"","name2":"","name3":""}, {"name":"St-R\u00e9mi, QC","address":"77 St-R\u00e9mi","address2":"","city":"St-R\u00e9mi","state":"QC","zip":" QC J0L 2L0","COL 7":"77 St-R\u00e9mi  St-R\u00e9mi QC  QC J0L 2L0 ","lat":"45.2802481","lng":"-73.618205","phone":"450-454-7531 ","services":"","name2":"","name3":""}, {"name":"St- Louis, MO","address":"","address2":"","city":"St- Louis","state":"MO","zip":"","COL 7":"  St- Louis MO  ","lat":"38.6270025","lng":"-90.1994042","phone":"314-621-3550 ","services":"Energy","name2":"","name3":""}, {"name":"Sulphur, LA","address":"3297 Metric Drive","address2":"","city":"Sulphur","state":"LA","zip":"70665","COL 7":"3297 Metric Drive  Sulphur LA 70665 ","lat":"30.2053355","lng":"-93.3304292","phone":"337-708-1882 ","services":"Industrial Cleaning & Maintenance","name2":"","name3":""}, {"name":"Sulphur, LA","address":"800 Ravia Road","address2":"","city":"Sulphur","state":"LA","zip":"70663","COL 7":"800 Ravia Road  Sulphur LA 70663 ","lat":"30.190173","lng":"-93.363064","phone":"337-558-7450 ","services":"Industrial Cleaning & Maintenance","name2":"","name3":""}, {"name":"Tallahassee, FL","address":"342 Marpan Lane","address2":"","city":"Tallahassee","state":"FL","zip":"32305","COL 7":"342 Marpan Lane  Tallahassee FL 32305 ","lat":"30.3632546","lng":"-84.2683622","phone":"866-877-8299","services":"Regulated Waste & Resource Recovery","name2":"","name3":""}, {"name":"Tampa Bay, FL","address":"","address2":"","city":"Tampa Bay","state":"FL","zip":"33763","COL 7":"  Tampa Bay FL 33763 ","lat":"28.0056225","lng":"-82.7428057","phone":"813-983-2800","services":"Water & Wastewater Services","name2":"","name3":""}, {"name":"T\u00e9miscaming, QC","address":"200 de la Carri\u00e8re","address2":"Bureau 4","city":"T\u00e9miscaming","state":"QC","zip":"J0Z 3R0","COL 7":"200 de la Carri\u00e8re Bureau 4 T\u00e9miscaming QC J0Z 3R0 ","lat":"46.736129","lng":"-79.061193","phone":"819-627-1488 ","services":"Industrial Cleaning & Maintenance","name2":"","name3":""}, {"name":"The Dimock Center (MA)","address":"","address2":"","city":"Boston","state":"MA","zip":"02109","COL 7":"  Boston MA 02109 ","lat":"42.36606159999999","lng":"-71.0482911","phone":"800-510-4485 ","services":"Energy","name2":"","name3":""}, {"name":"The Venetian (NV)","address":"","address2":"","city":"Las Vegas","state":"NV","zip":"89109","COL 7":"  Las Vegas NV 89109 ","lat":"36.128561","lng":"-115.1711298","phone":" 909-614-2700 ","services":"Energy","name2":"","name3":""}, {"name":"Thomas Jefferson University Hospital (PA)","address":"","address2":"","city":"Philadelphia","state":"PA","zip":"19102","COL 7":"  Philadelphia PA 19102 ","lat":"39.9556241","lng":"-75.1647529","phone":"215-875-6900 ","services":"Energy","name2":"","name3":""}, {"name":"Time Warner Center (NY)","address":"","address2":"","city":"New York City","state":"NY","zip":"10019","COL 7":"  New York City NY 10019 ","lat":"40.7686973","lng":"-73.9918181","phone":"212-612-7600 ","services":"","name2":"","name3":""}, {"name":"Timmins, ON","address":"2-374 Crawford Street","address2":"","city":"South Porcupine","state":"ON","zip":"ON P0N 1H0","COL 7":"2-374 Crawford Street  South Porcupine ON ON P0N 1H0 ","lat":"48.4915589","lng":"-81.2085275","phone":"705-235-3955 ","services":"Regulated Waste & Resource Recovery, Industrial Cleaning & Maintenance","name2":"","name3":""}, {"name":"Tonawanda, NY","address":"4400 River Road","address2":"","city":"Tonawanda","state":"NY","zip":"14150","COL 7":"4400 River Road  Tonawanda NY 14150 ","lat":"42.9935752","lng":"-78.9355203","phone":"716-879-0600 ","services":"Regulated Waste & Resource Recovery","name2":"","name3":""}, {"name":"Toronto, ON","address":"","address2":"","city":"Toronto","state":"ON","zip":"M5H 2N2","COL 7":"  Toronto ON M5H 2N2 ","lat":"43.6525485","lng":"-79.3835118","phone":"630-388-0730 ","services":"Water & Wastewater Services","name2":"","name3":""}, {"name":"Trenton, NJ","address":"","address2":"","city":"Trenton","state":"NJ","zip":"08609","COL 7":"  Trenton NJ 08609 ","lat":"40.222434","lng":"-74.7483371","phone":"609-396-7651 ","services":"Energy","name2":"","name3":""}, {"name":"Trois-Rivi\u00e8res, QC","address":"2895 Jules Vachon Nord","address2":"","city":"Trois-Rivi\u00e8res","state":"QC","zip":"G9A 5E1","COL 7":"2895 Jules Vachon Nord  Trois-Rivi\u00e8res QC G9A 5E1 ","lat":"46.355242","lng":"-72.5381499","phone":"819-372-0803 ","services":"","name2":"","name3":""}, {"name":"Tulsa, OK","address":"","address2":"","city":"Tulsa","state":"OK","zip":"74103","COL 7":"  Tulsa OK 74103 ","lat":"36.1592882","lng":"-95.9964783","phone":"918-582-2212 ","services":"Energy","name2":"","name3":""}, {"name":"URHU (QC)","address":"8010 Emilien-Letarte","address2":"","city":"St-Hyacinthe","state":"QC","zip":" J2R 0A3","COL 7":"8010 Emilien-Letarte  St-Hyacinthe QC  J2R 0A3 ","lat":"45.6535229","lng":"-72.971085","phone":"450-796-6060 ","services":"","name2":"","name3":""}, {"name":"Van Andel Institute (MI)","address":"","address2":"","city":"Grand Rapids","state":"MI","zip":"49503","COL 7":"  Grand Rapids MI 49503 ","lat":"42.9616689","lng":"-85.6588999","phone":"616-356-2535 ","services":"Energy","name2":"","name3":""}, {"name":"Vancouver, WA","address":"5720-C NE, 121st Ave-","address2":"Suite 105","city":"Vancouver","state":"WA","zip":"98661","COL 7":"5720-C NE, 121st Ave- Suite 105 Vancouver WA 98661 ","lat":"45.6645385","lng":"-122.5513857","phone":"360-260-0882 ","services":"Regulated Waste & Resource Recovery","name2":"","name3":""}, {"name":"Vineland, NJ","address":"","address2":"","city":"Vineland","state":"NJ","zip":"08361","COL 7":"  Vineland NJ 08361 ","lat":"39.4376463","lng":"-74.955948","phone":"212-612-7601 ","services":"Energy","name2":"","name3":""}, {"name":"Wampum, PA","address":"2138 State Route 18","address2":"","city":"Wampum","state":"PA","zip":"16157","COL 7":"2138 State Route 18  Wampum PA 16157 ","lat":"40.8585935","lng":"-80.3271723","phone":"724-535-5777 ","services":"Regulated Waste & Resource Recovery","name2":"","name3":""}, {"name":"Wantagh, NY","address":"3001 Burns Avenue","address2":"","city":"Wantagh","state":"NY","zip":"11793","COL 7":"3001 Burns Avenue  Wantagh NY 11793 ","lat":"40.672749","lng":"-73.519496","phone":"516-221-8300","services":"Regulated Waste & Resource Recovery","name2":"","name3":""}, {"name":"West Bridgewater, MA","address":"90 Pleasant Street","address2":"","city":"West Bridgewater","state":"MA","zip":"02379","COL 7":"90 Pleasant Street  West Bridgewater MA 02379 ","lat":"42.0090838","lng":"-71.0444868","phone":"774-296-6030","services":"Regulated Waste & Resource Recovery","name2":"","name3":""}, {"name":"West Carrollton, OH","address":"4301 Infirmary Road","address2":"","city":"West Carrollton","state":"OH","zip":"45449","COL 7":"4301 Infirmary Road  West Carrollton OH 45449 ","lat":"39.683826","lng":"-84.277522","phone":"937-859-6101","services":"Regulated Waste & Resource Recovery","name2":"","name3":""}, {"name":"Westland, MI","address":"6060 Hix Road","address2":"","city":"Westland","state":"MI","zip":"48185","COL 7":"6060 Hix Road  Westland MI 48185 ","lat":"42.3279911","lng":"-83.4176939","phone":"248-465-6270 ","services":"","name2":"","name3":""}, {"name":"Wilmington, DE","address":"1007 Market Street","address2":"D-3084","city":"Wilmington","state":"DE","zip":"19899","COL 7":"1007 Market Street D-3084 Wilmington DE 19899 ","lat":"39.7462691","lng":"-75.5481366","phone":"617-849-6636 ","services":"Water & Wastewater Services","name2":"","name3":""}, {"name":"Wilmington, DE","address":"","address2":"","city":"Wilmington","state":"DE","zip":"19899","COL 7":"  Wilmington DE 19899 ","lat":"39.75","lng":"-75.55","phone":"302-773-1000 ","services":"Water & Wastewater Services","name2":"","name3":""}, {"name":"Windsor, QC","address":"316 du Parc Industriel","address2":"","city":"Windsor","state":"QC","zip":"J1S 2T2","COL 7":"316 du Parc Industriel  Windsor QC J1S 2T2 ","lat":"45.5812661","lng":"-71.9987071","phone":"819-822-1820 ","services":"","name2":"","name3":""}, {"name":"Wurtland, KY","address":"400 Harris Road","address2":"Greenup County","city":"Wurtland","state":"KY","zip":"41144","COL 7":"400 Harris Road Greenup County Wurtland KY 41144 ","lat":"38.5519371","lng":"-82.7881835","phone":"606-833-1212 ","services":"Water & Wastewater Services","name2":"","name3":""}, {"name":"York, PA","address":"1530 Clugston Road","address2":"","city":"York","state":"PA","zip":"17404","COL 7":"1530 Clugston Road  York PA 17404 ","lat":"39.9841679","lng":"-76.759013","phone":"717-764-8677 ","services":"Regulated Waste & Resource Recovery","name2":"","name3":""}, {"name":"","address":"","address2":"","city":"","state":"","zip":"","COL 7":"     ","lat":"","lng":"","phone":"","services":"","name2":"","name3":""}, {"name":"VWT Industrial Projects","address":"250 Airside Drive","address2":"","city":"Moon Township","state":"PA","zip":"","COL 7":"250 Airside Drive  Moon Township PA  ","lat":"40.4985698","lng":"-80.2213294","phone":"412-809-6000","services":"","name2":"","name3":""}, {"name":"VWT Municipal Solutions","address":"4001 Weston Pkwy","address2":"","city":"Cary","state":"NC","zip":"","COL 7":"4001 Weston Pkwy  Cary NC  ","lat":"35.830666","lng":"-78.7815059","phone":"919-677-8310","services":"","name2":"","name3":""}, {"name":"VWT Industrial Solutions","address":"913 Industrial Park Drive","address2":"","city":"Vandalia","state":"OH","zip":"","COL 7":"913 Industrial Park Drive  Vandalia OH  ","lat":"39.8788742","lng":"-84.1851248","phone":"937-890-4075","services":"","name2":"","name3":""}, {"name":"VWT HPD Evaporation and Crystallization","address":"23563 West Main Street","address2":"","city":"Plainfield","state":"IL","zip":"","COL 7":"23563 West Main Street  Plainfield IL  ","lat":"41.617311","lng":"-88.1923552","phone":"814-609-2000","services":"","name2":"","name3":""}, {"name":"VWT Whittier Filtration & Separation","address":"120 South State College Blvd-","address2":"","city":"Brea","state":"CA","zip":"","COL 7":"120 South State College Blvd-  Brea CA  ","lat":"33.920785","lng":"-117.882003","phone":"714-986-5300","services":"","name2":"","name3":""}, {"name":"VWT CeraMem Industrial Ceramic Membrane Systems","address":"12 Clematis Avenue","address2":"","city":"Waltham","state":"MA","zip":"","COL 7":"12 Clematis Avenue  Waltham MA  ","lat":"42.3829117","lng":"-71.2060158","phone":"781-810-7701","services":"","name2":"","name3":""}, {"name":"VWT Biothane Anaerobic Treatment","address":"6981 N- Park Drive","address2":"","city":"Pennsauken","state":"NJ","zip":"","COL 7":"6981 N- Park Drive  Pennsauken NJ  ","lat":"39.9274205","lng":"-75.079813","phone":"856-438-1776","services":"","name2":"","name3":""}, {"name":"Veolia Water Technologies Canada (Municipal & Industrial Solutions)","address":"4105 Sartelon Street","address2":"","city":"St-Laurent","state":"QC","zip":"","COL 7":"4105 Sartelon Street  St-Laurent QC  ","lat":"45.5095094","lng":"-73.7426519","phone":"514-334-7230","services":"","name2":"","name3":""}, {"name":"","address":"2000 Argentia Road","address2":"","city":"Mississauga","state":"ON","zip":"","COL 7":"2000 Argentia Road  Mississauga ON  ","lat":"43.5989598","lng":"-79.7406858","phone":"905-286-4846","services":"","name2":"","name3":""}, {"name":"VWT Water Treatment for Oil & Gas in Canada","address":"202 6th Avenue SW","address2":"","city":"Calgary","state":"Alberta","zip":"","COL 7":"202 6th Avenue SW  Calgary Alberta  ","lat":"51.047775","lng":"-114.0657906","phone":"403-261-0873","services":"","name2":"","name3":""}]
