[{"name":"Alma, Quebec","id":"1","address":"575 Claire Fontaine","lat":"42.5167049","lng":"2.8367869","Address - Locality":"Alma","Address - Administrative Area (i.e. State \/ Province)":"QC","service":"","desc":"Contact courriel\u00a0: rene.st-hilaire@veoli..."}, {"name":"Alma,QC","id":"2","address":"575 Claire Fontaine","lat":"42.5167049","lng":"2.8367869","Address - Locality":"Alma","Address - Administrative Area (i.e. State \/ Province)":"QC","service":"","desc":"Email contact: rene.st-hilaire@veolia.com..."}, {"name":"Ashland, KY","id":"3","address":"806 Hoods Creek Pike","lat":"38.4910891","lng":"-82.6679859","Address - Locality":"Ashland","Address - Administrative Area (i.e. State \/ Province)":"KY","service":"Industrial Cleaning & Maintenance","desc":"Contact: bryan.warner@veolia.com"}, {"name":"Atlanta, Ga.","id":"4","address":"Location","lat":"-25.739422","lng":"28.1758982","Address - Locality":"Atlanta","Address - Administrative Area (i.e. State \/ Province)":"GA","service":"Energy","desc":"In Atlanta, Veolia's district energy network..."}, {"name":"Atlanta-Fulton County, GA","id":"5","address":"Address","lat":"41.6763577","lng":"-71.5372181","Address - Locality":"Atlanta-Fulton County","Address - Administrative Area (i.e. State \/ Province)":"GA","service":"Water & Wastewater Services","desc":"The project includes O&M responsibility f..."}, {"name":"Azusa, CA","id":"6","address":"107 South Motor Ave.","lat":"34.1209916","lng":"-117.935249","Address - Locality":"Azusa","Address - Administrative Area (i.e. State \/ Province)":"CA","service":"Regulated Waste & Resource Recovery","desc":"Veolia North America operates as a solvent re..."}, {"name":"Baie-Comeau, QC","id":"7","address":"51 Comeau","lat":"42.983547","lng":"-71.4869439","Address - Locality":"Baie-Comeau","Address - Administrative Area (i.e. State \/ Province)":"QC","service":"","desc":"Contact: jonathan.martel@veolia.com"}, {"name":"Baltimore, MD","id":"8","address":"Address","lat":"41.6763577","lng":"-71.5372181","Address - Locality":"Baltimore","Address - Administrative Area (i.e. State \/ Province)":"MD","service":"Water & Wastewater Services","desc":"A privatized solution was required for the be..."}, {"name":"Baltimore, Md.","id":"9","address":"1400 Ridgely Street","lat":"39.2762072","lng":"-76.6271628","Address - Locality":"Baltimore","Address - Administrative Area (i.e. State \/ Province)":"MD","service":"Energy","desc":"Dubbed the \u201ccity of neighborhoods,\u201d Baltimore..."}, {"name":"Baton Rouge, LA","id":"10","address":"3233 S. Sherwood - Forest Blvd., Ste. 204A","lat":"30.4232005","lng":"-91.0511091","Address - Locality":"Baton Rouge","Address - Administrative Area (i.e. State \/ Province)":"LA","service":"Regulated Waste & Resource Recovery","desc":"The Veolia North America Baton Rouge, Louisia..."}, {"name":"Baytown KOH","id":"11","address":"4415 1\/2 Oscar Nelson Jr. Dr.","lat":"29.7171529","lng":"-94.9085147","Address - Locality":"Baytown","Address - Administrative Area (i.e. State \/ Province)":"TX","service":"","desc":"Location Description"}, {"name":"Baytown, TX","id":"12","address":"1800 S. Highway, 146","lat":"29.7139803","lng":"-94.9846738","Address - Locality":"Baytown","Address - Administrative Area (i.e. State \/ Province)":"TX","service":"Regulated Waste & Resource Recovery","desc":"Baytown, TX is a VPP Site! Read more about Ve..."}, {"name":"Baytown, TX","id":"13","address":"3180 N Hwy 146","lat":"29.7542621","lng":"-94.9474712","Address - Locality":"Baytown","Address - Administrative Area (i.e. State \/ Province)":"TX","service":"Industrial Cleaning & Maintenance","desc":"Email contact: bill.mcclister@veolia.com..."}, {"name":"Benicia, CA","id":"14","address":"511 East Channel Road benicia,ca","lat":"43.1853374","lng":"-85.0540405","Address - Locality":"Benicia","Address - Administrative Area (i.e. State \/ Province)":"CA","service":"Industrial Cleaning & Maintenance","desc":"Veolia North America provides turn-key indust..."}, {"name":"Blaine, MN","id":"15","address":"3230 101st Avenue, NE","lat":"45.152664","lng":"-93.188503","Address - Locality":"Blaine","Address - Administrative Area (i.e. State \/ Province)":"MN","service":"Regulated Waste & Resource Recovery","desc":"The Veolia North America Blaine, Minnesota fa..."}, {"name":"Borderland, TX","id":"16","address":"6501 Throwbridge Road","lat":"41.6110085","lng":"-83.2793426","Address - Locality":"El Paso","Address - Administrative Area (i.e. State \/ Province)":"TX","service":"Water & Wastewater Services","desc":"Our Borderland facility is a dedicated on-sit..."}, {"name":"Boston, MA","id":"17","address":"53 State Street","lat":"40.7679796","lng":"-111.888140","Address - Locality":"Boston","Address - Administrative Area (i.e. State \/ Province)":"MA","service":"Energy, Regulated Waste & Resource Recovery, Water & Wastewater Services, Industrial Cleaning & Maintenance","desc":"This office serves as the corporate headquart..."}, {"name":"Boston-Cambridge, Mass.","id":"18","address":"Location","lat":"-25.739422","lng":"28.1758982","Address - Locality":"Boston","Address - Administrative Area (i.e. State \/ Province)":"MA","service":"Energy","desc":"Veolia's district energy networks serve the c..."}, {"name":"Bridgeport, IL","id":"19","address":"140 Industry Road","lat":"40.9923533","lng":"-81.1956043","Address - Locality":"Bridgeport","Address - Administrative Area (i.e. State \/ Province)":"IL","service":"Industrial Cleaning & Maintenance","desc":"Veolia North America provides turn-key indust..."}, {"name":"Buffalo, NY","id":"20","address":"Address","lat":"41.6763577","lng":"-71.5372181","Address - Locality":"Buffalo","Address - Administrative Area (i.e. State \/ Province)":"NY","service":"Water & Wastewater Services","desc":"Operation and maintenance (O&M) of the ci..."}, {"name":"Burlingame, CA","id":"21","address":"Address","lat":"41.6763577","lng":"-71.5372181","Address - Locality":"Burlingame","Address - Administrative Area (i.e. State \/ Province)":"CA","service":"Water & Wastewater Services","desc":"Since 1972, the nation's first and longest-ru..."}, {"name":"Chambly, QC","id":"22","address":"2630 Industriel","lat":"31.6066108","lng":"-97.1167061","Address - Locality":"Chambly","Address - Administrative Area (i.e. State \/ Province)":"QC","service":"","desc":"Email contact: francois.gordon@veolia.com..."}, {"name":"Chambly, QC","id":"23","address":"2630 Industriel","lat":"31.6066108","lng":"-97.1167061","Address - Locality":"Chambly","Address - Administrative Area (i.e. State \/ Province)":"QC","service":"","desc":"Contact courriel\u00a0: francois.gordon@veoli..."}, {"name":"Charlestown, MA","id":"24","address":"27 West Street","lat":"40.7279705","lng":"-74.0105014","Address - Locality":"Charlestown","Address - Administrative Area (i.e. State \/ Province)":"MA","service":"Regulated Waste & Resource Recovery","desc":"\u00a0\u00a0"}, {"name":"Chatham, ON","id":"25","address":"141 Prosperity Way","lat":"34.7585348","lng":"-87.6581565","Address - Locality":"Chatham-Kent","Address - Administrative Area (i.e. State \/ Province)":"ON","service":"Regulated Waste & Resource Recovery, Industrial Cleaning & Maintenance","desc":"Veolia North America provides turn-key indust..."}, {"name":"Chatham, ON","id":"26","address":"141 Prosperity Way","lat":"34.7585348","lng":"-87.6581565","Address - Locality":"Chatham-Kent","Address - Administrative Area (i.e. State \/ Province)":"ON","service":"Regulated Waste & Resource Recovery, Industrial Cleaning & Maintenance","desc":"Veolia North America fournit des services cl\u00e9..."}, {"name":"Chicago, IL","id":"27","address":"200 E Randolph Drive, Suite 7900","lat":"30.242904","lng":"-92.00324","Address - Locality":"Chicago","Address - Administrative Area (i.e. State \/ Province)":"IL","service":"","desc":""}, {"name":"Contrecoeur, QC","id":"28","address":"4050 Industrielle","lat":"45.396419","lng":"-71.964103","Address - Locality":"Contrecoeur","Address - Administrative Area (i.e. State \/ Province)":"QC","service":"","desc":""}, {"name":"Contrecoeur, Qu\u00e9bec","id":"29","address":"4050 Industrielle","lat":"45.396419","lng":"-71.964103","Address - Locality":"Contrecoeur","Address - Administrative Area (i.e. State \/ Province)":"QC","service":"","desc":"."}, {"name":"Coquitlam, BC","id":"30","address":"10 King Edward","lat":"42.879034","lng":"-71.3687015","Address - Locality":"Coquitlam","Address - Administrative Area (i.e. State \/ Province)":"BC","service":"Industrial Cleaning & Maintenance","desc":"Contact courriel\u00a0: tom.peterson@veolia.c..."}, {"name":"Coquitlam, BC","id":"31","address":"10 King Edward","lat":"42.879034","lng":"-71.3687015","Address - Locality":"Coquitlam","Address - Administrative Area (i.e. State \/ Province)":"BC","service":"Industrial Cleaning & Maintenance","desc":"Contact courriel\u00a0: tom.peterson@veolia.c..."}, {"name":"Corpus Christi","id":"32","address":"550 Flato Road","lat":"27.7747717","lng":"-97.4596676","Address - Locality":"Corpus Christi","Address - Administrative Area (i.e. State \/ Province)":"TX","service":"Industrial Cleaning & Maintenance","desc":"Veolia North America provides turn-key indust..."}, {"name":"Corpus Christi Shale Services","id":"33","address":"550 Flato Road","lat":"27.7747717","lng":"-97.4596676","Address - Locality":"Corpus Christi","Address - Administrative Area (i.e. State \/ Province)":"TX","service":"Industrial Cleaning & Maintenance","desc":"Veolia has a dedicated team based from the Co..."}, {"name":"Creedmoor, NC","id":"34","address":"2176 Will Suitt Road","lat":"36.1313109","lng":"-78.729597","Address - Locality":"Creedmoor","Address - Administrative Area (i.e. State \/ Province)":"NC","service":"Regulated Waste & Resource Recovery","desc":"The Veolia North America (VNA) Creedmoor, Nor..."}, {"name":"East Chicago, IN","id":"35","address":"5137 Indianapolis Blvd.","lat":"41.619769","lng":"-87.4806497","Address - Locality":"East Chicago","Address - Administrative Area (i.e. State \/ Province)":"IN","service":"Regulated Waste & Resource Recovery","desc":"The Veolia North America East Chicago, Indian..."}, {"name":"Fall River, MA","id":"36","address":"Address","lat":"41.6763577","lng":"-71.5372181","Address - Locality":"Fall River","Address - Administrative Area (i.e. State \/ Province)":"MA","service":"Water & Wastewater Services","desc":"Long-term relationship provides cost-effectiv..."}, {"name":"Fermont","id":"37","address":"6316 Bertrand","lat":"34.184449","lng":"-118.524105","Address - Locality":"Fermont","Address - Administrative Area (i.e. State \/ Province)":"QC","service":"","desc":"Contact: jonathan.martel@veolia.com"}, {"name":"Flanders, NJ","id":"38","address":"One Eden Lane","lat":"40.815999","lng":"-74.419332","Address - Locality":"Flanders","Address - Administrative Area (i.e. State \/ Province)":"NJ","service":"Regulated Waste & Resource Recovery","desc":"Flanders, NJ is a VPP Site! Read more about V..."}, {"name":"Fort Atkinson, WI","id":"39","address":"1203 Klement Street","lat":"42.912352","lng":"-88.854232","Address - Locality":"Fort Atkinson","Address - Administrative Area (i.e. State \/ Province)":"WI","service":"Industrial Cleaning & Maintenance","desc":"Veolia North America provides turn-key indust..."}, {"name":"Fort Hill, OH","id":"40","address":"11215 Brower Road, North Bend","lat":"39.1153989","lng":"-84.813838","Address - Locality":"Cincinnati","Address - Administrative Area (i.e. State \/ Province)":"OH","service":"Water & Wastewater Services","desc":"Veolia provides sulfur products services from..."}, {"name":"Fort St James, BC","id":"41","address":"Location","lat":"-25.739422","lng":"28.1758982","Address - Locality":"Fort St. James","Address - Administrative Area (i.e. State \/ Province)":"BC","service":"Energy","desc":"Consultez l\u2019\u00e9tude de cas pour en savoir plus..."}, {"name":"Fort St. James, BC","id":"42","address":"Location","lat":"-25.739422","lng":"28.1758982","Address - Locality":"Fort St. James","Address - Administrative Area (i.e. State \/ Province)":"BC","service":"Energy","desc":"Visit the case study to learn more about this..."}, {"name":"Fredericksburg, VA","id":"43","address":"24 Commerce Parkway","lat":"38.351393","lng":"-77.509886","Address - Locality":"Fredericksburg","Address - Administrative Area (i.e. State \/ Province)":"VA","service":"Regulated Waste & Resource Recovery","desc":"The Veolia North America Fredericksburg, Virg..."}, {"name":"Freeport, TX","id":"44","address":"324 Commerce Street","lat":"32.7771338","lng":"-96.8117571","Address - Locality":"Clute","Address - Administrative Area (i.e. State \/ Province)":"TX","service":"Industrial Cleaning & Maintenance","desc":"Veolia North America provides turn-key indust..."}, {"name":"Fremont, CA","id":"45","address":"3797 Spinnaker Court","lat":"37.4778183","lng":"-121.942403","Address - Locality":"Fremont","Address - Administrative Area (i.e. State \/ Province)":"CA","service":"Regulated Waste & Resource Recovery","desc":"Email contact: greg.giandomenico@veolia.com..."}, {"name":"Germantown, WI","id":"46","address":"N104 W13275 Donges Bay Road","lat":"43.206481","lng":"-88.092972","Address - Locality":"Germantown","Address - Administrative Area (i.e. State \/ Province)":"WI","service":"Industrial Cleaning & Maintenance","desc":"Veolia North America provides turn-key indust..."}, {"name":"Gonzales, LA","id":"47","address":"3460 Highway 44, Darrow, Ascension Parish","lat":"30.1250069","lng":"-90.9105084","Address - Locality":"Gonzales","Address - Administrative Area (i.e. State \/ Province)":"LA","service":"Water & Wastewater Services","desc":"Veolia's largest spent sulfuric acid regenera..."}, {"name":"Grand Rapids, MI","id":"48","address":"Location","lat":"-25.739422","lng":"28.1758982","Address - Locality":"Grand Rapids","Address - Administrative Area (i.e. State \/ Province)":"MI","service":"Energy","desc":"In Grand Rapids, Veolia's district energy net..."}, {"name":"Greenville, WI","id":"49","address":"W6490B Specialty Drive","lat":"44.2781649","lng":"-88.5162683","Address - Locality":"Greenville","Address - Administrative Area (i.e. State \/ Province)":"WI","service":"Regulated Waste & Resource Recovery","desc":"Veolia operates a 12,000 square foot full-ser..."}, {"name":"Gresham, OR","id":"50","address":"Address","lat":"41.6763577","lng":"-71.5372181","Address - Locality":"Gresham","Address - Administrative Area (i.e. State \/ Province)":"OR","service":"Water & Wastewater Services","desc":"In 2005, the Gresham City Council chose to pa..."}, {"name":"Gurabo, PR","id":"51","address":"Road 189 Km. 2.1","lat":"18.616389","lng":"73.7879885","Address - Locality":"Cagus","Address - Administrative Area (i.e. State \/ Province)":"PR","service":"Regulated Waste & Resource Recovery","desc":"Note - Exact Address of location is: \u00a0Tu..."}, {"name":"Hamilton, ON","id":"52","address":"80 Birmingham Road","lat":"39.9395076","lng":"-75.6311549","Address - Locality":"Hamilton","Address - Administrative Area (i.e. State \/ Province)":"ON","service":"Industrial Cleaning & Maintenance","desc":"Veolia North America provides turn-key indust..."}, {"name":"Hamilton, ONTARIO","id":"53","address":"80 Birmingham Road","lat":"39.9395076","lng":"-75.6311549","Address - Locality":"Hamilton","Address - Administrative Area (i.e. State \/ Province)":"ON","service":"Industrial Cleaning & Maintenance","desc":"Veolia North America fournit des services cl\u00e9..."}, {"name":"Hammond","id":"54","address":"610 131st Place","lat":"41.654939","lng":"-87.513297","Address - Locality":"Hammond","Address - Administrative Area (i.e. State \/ Province)":"IN","service":"","desc":"Location description"}, {"name":"Henderson","id":"55","address":"9131 E. 96th Avenue","lat":"39.875895","lng":"-104.88288","Address - Locality":"Henderson","Address - Administrative Area (i.e. State \/ Province)":"CO","service":"Regulated Waste & Resource Recovery","desc":"The Veolia North America (VNA) Henderson, Col..."}, {"name":"Hilbert, WI","id":"56","address":"Location","lat":"-25.739422","lng":"28.1758982","Address - Locality":"Hilbert","Address - Administrative Area (i.e. State \/ Province)":"WI","service":"Energy","desc":"In Hilbert, WI, Veolia has designed and built..."}, {"name":"Honolulu, HI","id":"57","address":"Address","lat":"41.6763577","lng":"-71.5372181","Address - Locality":"Honolulu","Address - Administrative Area (i.e. State \/ Province)":"HI","service":"Water & Wastewater Services","desc":"Operation and maintenance (O&M) service p..."}, {"name":"Hopewell, VA","id":"58","address":"745 Harvest Road","lat":"34.8598264","lng":"-86.7547207","Address - Locality":"Prince George","Address - Administrative Area (i.e. State \/ Province)":"VA","service":"","desc":""}, {"name":"Houston, Texas","id":"59","address":"4760 World Houston Parkway, Suite 100","lat":"29.9427937","lng":"-95.3191997","Address - Locality":"Houston","Address - Administrative Area (i.e. State \/ Province)":"TX","service":"","desc":"This is the main office for Veolia North Amer..."}, {"name":"Houston, TX","id":"60","address":"5085 Westheimer Road","lat":"29.7397946","lng":"-95.4631754","Address - Locality":"Houston","Address - Administrative Area (i.e. State \/ Province)":"TX","service":"Energy","desc":"In 2005, Veolia entered an agreement to provi..."}, {"name":"Huber Heights","id":"61","address":"6151 Executive Blvd","lat":"39.8708012","lng":"-84.1251946","Address - Locality":"Huber Heights","Address - Administrative Area (i.e. State \/ Province)":"OH","service":"Industrial Cleaning & Maintenance","desc":"Veolia North America provides turn-key indust..."}, {"name":"Huntington Beach, CA","id":"62","address":"5202 Oceanus Drive","lat":"33.7422824","lng":"-118.037894","Address - Locality":"Huntington Beach","Address - Administrative Area (i.e. State \/ Province)":"CA","service":"Industrial Cleaning & Maintenance","desc":"Veolia North America provides turn-key indust..."}, {"name":"Huntington Beach, CA","id":"63","address":"5202 Oceanus Drive","lat":"33.7422824","lng":"-118.037894","Address - Locality":"Huntington Beach","Address - Administrative Area (i.e. State \/ Province)":"CA","service":"Industrial Cleaning & Maintenance","desc":"The Veolia North America Huntington Beach (VE..."}, {"name":"Indianapolis","id":"64","address":"101 West Washington Street, Ste. 1400 East","lat":"42.225406","lng":"-71.187095","Address - Locality":"Indianapolis","Address - Administrative Area (i.e. State \/ Province)":"IN","service":"Regulated Waste & Resource Recovery","desc":"The Veolia North America Indianapolis, Indian..."}, {"name":"Jacksonville, FL","id":"65","address":"591 Picketville Road","lat":"44.5833601","lng":"-74.8203518","Address - Locality":"Jacksonville","Address - Administrative Area (i.e. State \/ Province)":"FL","service":"Industrial Cleaning & Maintenance","desc":"Email contact: shane.turcotte@veolia.com..."}, {"name":"Jonqui\u00e8re, QC","id":"66","address":"1995 Fay","lat":"39.2983689","lng":"-102.276311","Address - Locality":"Saguenay","Address - Administrative Area (i.e. State \/ Province)":"QC","service":"","desc":"Email contact: rene.st-hilaire.@veolia.com..."}, {"name":"Jonqui\u00e8re, Qu\u00e9bec","id":"67","address":"1995 Fay","lat":"39.2983689","lng":"-102.276311","Address - Locality":"Saguenay","Address - Administrative Area (i.e. State \/ Province)":"QC","service":"","desc":"Contact courriel\u00a0: rene.st-hilaire@veoli..."}, {"name":"Kansas City, MO","id":"68","address":"2250 N. Church Road","lat":"39.2752162","lng":"-94.4382884","Address - Locality":"Liberty","Address - Administrative Area (i.e. State \/ Province)":"MO","service":"Industrial Cleaning & Maintenance","desc":"Veolia North America provides turn-key indust..."}, {"name":"Kansas City, MO","id":"69","address":"Location","lat":"-25.739422","lng":"28.1758982","Address - Locality":"Kansas City","Address - Administrative Area (i.e. State \/ Province)":"MO","service":"Energy","desc":"In Kansas City, Veolia's district energy netw..."}, {"name":"Kent, WA","id":"70","address":"22429 76th Av. South","lat":"47.4001411","lng":"-122.238746","Address - Locality":"Kent","Address - Administrative Area (i.e. State \/ Province)":"WA","service":"Regulated Waste & Resource Recovery","desc":"The Veolia North America Kent, Washington fac..."}, {"name":"La Place","id":"71","address":"149 Woodland Drive","lat":"30.0859998","lng":"-90.450795","Address - Locality":"La Place","Address - Administrative Area (i.e. State \/ Province)":"LA","service":"Industrial Cleaning & Maintenance","desc":"Veolia North America provides turn-key indust..."}, {"name":"La Porte, TX","id":"72","address":"1980 N Hwy 146","lat":"29.7536571","lng":"-94.9503612","Address - Locality":"La Porte","Address - Administrative Area (i.e. State \/ Province)":"TX","service":"Industrial Cleaning & Maintenance","desc":"Veolia North America provides turn-key indust..."}, {"name":"La Tuque, QC","id":"73","address":"509 Joffre","lat":"40.8677172","lng":"-80.2694141","Address - Locality":"La Tuque","Address - Administrative Area (i.e. State \/ Province)":"QC","service":"","desc":"Email contact: rene.st-hilaire@veolia.com..."}, {"name":"La Tuque, Qu\u00e9bec","id":"74","address":"509 Joffre","lat":"40.8677172","lng":"-80.2694141","Address - Locality":"La Tuque","Address - Administrative Area (i.e. State \/ Province)":"QC","service":"","desc":"Contact courriel\u00a0: rene.st-hilaire@veoli..."}, {"name":"Las Vegas, NV","id":"75","address":"Location","lat":"-25.739422","lng":"28.1758982","Address - Locality":"Las Vegas","Address - Administrative Area (i.e. State \/ Province)":"NV","service":"Energy","desc":"In Las Vegas, Veolia operates the central coo..."}, {"name":"L\u00e9vis, QC","id":"76","address":"2800 de l'Etchemin","lat":"46.750676","lng":"-71.183853","Address - Locality":"L\u00e9vis","Address - Administrative Area (i.e. State \/ Province)":"QC","service":"","desc":"Email contact: rene.st-hilaire@veolia.com..."}, {"name":"L\u00e9vis, Qu\u00e9bec","id":"77","address":"2800 de l'Etchemin","lat":"46.750676","lng":"-71.183853","Address - Locality":"L\u00e9vis","Address - Administrative Area (i.e. State \/ Province)":"QC","service":"Regulated Waste & Resource Recovery, Industrial Cleaning & Maintenance","desc":"Contact courriel\u00a0: rene.st-hilaire@veoli..."}, {"name":"Livonia, MI","id":"78","address":"11681 Levan Road","lat":"42.3685844","lng":"-83.4015912","Address - Locality":"Livonia","Address - Administrative Area (i.e. State \/ Province)":"MI","service":"Regulated Waste & Resource Recovery","desc":"The Veolia North America (VES) Detroit area l..."}, {"name":"Lombard, IL","id":"79","address":"700 E. Butterfield Road, Suite 201","lat":"41.8404582","lng":"-87.9988419","Address - Locality":"Lombard","Address - Administrative Area (i.e. State \/ Province)":"IL","service":"Regulated Waste & Resource Recovery","desc":"Lombard, IL is the Corporate headquarters for..."}, {"name":"London, ON","id":"80","address":"459 Exeter Road","lat":"42.9596072","lng":"-70.8661011","Address - Locality":"London","Address - Administrative Area (i.e. State \/ Province)":"ON","service":"Industrial Cleaning & Maintenance","desc":"Veolia North America provides turn-key indust..."}, {"name":"London, ONTARIO","id":"81","address":"459 Exeter Road","lat":"42.9596072","lng":"-70.8661011","Address - Locality":"London","Address - Administrative Area (i.e. State \/ Province)":"ON","service":"Industrial Cleaning & Maintenance","desc":"Veolia North America fournit des services cl\u00e9..."}, {"name":"Los Angeles, CA","id":"82","address":"Location","lat":"-25.739422","lng":"28.1758982","Address - Locality":"Los Angeles","Address - Administrative Area (i.e. State \/ Province)":"CA","service":"Energy","desc":"In Los Angeles, Veolia's thermal energy netwo..."}, {"name":"Louisville, KY","id":"83","address":"4850 Crittenden Drive","lat":"38.1778321","lng":"-85.750079","Address - Locality":"Louisville","Address - Administrative Area (i.e. State \/ Province)":"KY","service":"Regulated Waste & Resource Recovery","desc":"\u00a0The Veolia North America Louisville, Ke..."}, {"name":"Marlborough, MA","id":"84","address":"398 Cedar Hill St.","lat":"42.3190577","lng":"-71.594924","Address - Locality":"Marlborough","Address - Administrative Area (i.e. State \/ Province)":"MA","service":"Regulated Waste & Resource Recovery","desc":"The Veolia North America Marlborough, Massach..."}, {"name":"Matane, QC","id":"85","address":"88 Durette","lat":"42.9876139","lng":"-71.4779853","Address - Locality":"Matane","Address - Administrative Area (i.e. State \/ Province)":"QC","service":"","desc":"Email contact: rene.st-hilaire@veolia.com..."}, {"name":"Matane, Qu\u00e9bec","id":"86","address":"88 Durette","lat":"42.9876139","lng":"-71.4779853","Address - Locality":"Matane","Address - Administrative Area (i.e. State \/ Province)":"QC","service":"","desc":"Contact courriel\u00a0: rene.st-hilaire@veoli..."}, {"name":"MATEP","id":"87","address":"Medical Area Total Energy Plant","lat":"","lng":"","Address - Locality":"Boston","Address - Administrative Area (i.e. State \/ Province)":"MA","service":"Energy","desc":"The Medical Area Total Energy Plant (MATEP) p..."}, {"name":"McClellandtown, PA ","id":"88","address":"1006 McClellandtown Road","lat":"39.8928025","lng":"-79.8264539","Address - Locality":"McClellandtown","Address - Administrative Area (i.e. State \/ Province)":"PA","service":"Industrial Cleaning & Maintenance","desc":"Veolia in McClellandtown, PA provides industr..."}, {"name":"Menomonee Falls, WI","id":"89","address":"W 124 N 9451 Boundary Rd.","lat":"48.986737","lng":"-112.814054","Address - Locality":"Menomonee Falls","Address - Administrative Area (i.e. State \/ Province)":"WI","service":"Regulated Waste & Resource Recovery","desc":"The Veolia North America Menomonee Falls is a..."}, {"name":"Merritt, BC","id":"90","address":"Location","lat":"-25.739422","lng":"28.1758982","Address - Locality":"Merritt","Address - Administrative Area (i.e. State \/ Province)":"BC","service":"Energy","desc":"Visit the case study to learn more about this..."}, {"name":"Merritt, BC","id":"91","address":"Location","lat":"-25.739422","lng":"28.1758982","Address - Locality":"Merritt","Address - Administrative Area (i.e. State \/ Province)":"BC","service":"Energy","desc":"Consultez l\u2019\u00e9tude de cas pour en savoir plus..."}, {"name":"Middlesex, NJ","id":"92","address":"125 River Road","lat":"40.8054246","lng":"-73.9928082","Address - Locality":"Middlesex","Address - Administrative Area (i.e. State \/ Province)":"NJ","service":"Regulated Waste & Resource Recovery","desc":"Facility Name: Veolia ES Technical Solutions..."}, {"name":"Milwaukee, WI","id":"93","address":"Address","lat":"41.6763577","lng":"-71.5372181","Address - Locality":"Milwaukee","Address - Administrative Area (i.e. State \/ Province)":"WI","service":"Water & Wastewater Services","desc":"With a rich history of innovation in biosolid..."}, {"name":"Mitchell, IL","id":"94","address":"121 East Chain of Rocks Road","lat":"38.7617014","lng":"-90.0908378","Address - Locality":"Mitchell","Address - Administrative Area (i.e. State \/ Province)":"IL","service":"Industrial Cleaning & Maintenance","desc":"Veolia North America provides turn-key indust..."}, {"name":"Montr\u00e9al Est, QC","id":"95","address":"11455 Ontario Est","lat":"45.635909","lng":"-73.513093","Address - Locality":"Montr\u00e9al Est","Address - Administrative Area (i.e. State \/ Province)":"QC","service":"","desc":"Email contact: celine.pearson@veolia.com..."}, {"name":"Montr\u00e9al Est, Qu\u00e9bec","id":"96","address":"11455 Ontario Est","lat":"45.635909","lng":"-73.513093","Address - Locality":"Montr\u00e9al Est","Address - Administrative Area (i.e. State \/ Province)":"QC","service":"","desc":"Contact courriel\u00a0: celine.pearson@veolia..."}, {"name":"Montr\u00e9al, QC","id":"97","address":"1705 3e Avenue","lat":"38.424131","lng":"-82.428403","Address - Locality":"Montr\u00e9al","Address - Administrative Area (i.e. State \/ Province)":"QC","service":"","desc":"Email contact: pierre.larose@veolia.com"}, {"name":"Montreal, QC (CCUM)","id":"98","address":"120 Rue Nazareth","lat":"45.495655","lng":"-73.556423","Address - Locality":"Montreal","Address - Administrative Area (i.e. State \/ Province)":"QC","service":"Energy","desc":"Under a joint venture partnership, Veolia and..."}, {"name":"Montreal, QC (CHUM)","id":"99","address":"555, boul. Rene-Levesque Ouest, Bureau 700","lat":"45.5036267","lng":"-73.5663678","Address - Locality":"Montreal","Address - Administrative Area (i.e. State \/ Province)":"QC","service":"Energy","desc":"The CHUM Collectif Consortium, of which Veoli..."}, {"name":"Montreal, QC (Hydro-Qu\u00e9bec)","id":"100","address":"Hydro-Qu\u00e9bec data center","lat":"","lng":"","Address - Locality":"Montr\u00e9al","Address - Administrative Area (i.e. State \/ Province)":"QC","service":"","desc":"Under a 20-year lease and operation agreement..."}, {"name":"Montr\u00e9al, Qu\u00e9bec","id":"101","address":"1705 3e Avenue","lat":"38.424131","lng":"-82.428403","Address - Locality":"Montr\u00e9al","Address - Administrative Area (i.e. State \/ Province)":"QC","service":"Regulated Waste & Resource Recovery, Industrial Cleaning & Maintenance","desc":"Contact courriel\u00a0: pierre.larose@veolia...."}, {"name":"Mooresville, NC","id":"102","address":"126 Commercial Drive","lat":"39.309896","lng":"-84.484791","Address - Locality":"Mooresville","Address - Administrative Area (i.e. State \/ Province)":"NC","service":"Regulated Waste & Resource Recovery","desc":"Mooresville, NC is a VPP Site! Read more abou..."}, {"name":"Morrow, GA","id":"103","address":"5371 Cook Road","lat":"29.7059124","lng":"-95.5961966","Address - Locality":"Morrow","Address - Administrative Area (i.e. State \/ Province)":"GA","service":"Regulated Waste & Resource Recovery","desc":"."}, {"name":"Morses Mill, NJ","id":"104","address":"1802 Morses Mill Road, Linden","lat":"40.6250927","lng":"-74.2269395","Address - Locality":"Elizabeth","Address - Administrative Area (i.e. State \/ Province)":"NJ","service":"Water & Wastewater Services","desc":"Our Morses Mill facility provides sulfuric ac..."}, {"name":"Mt. Laurel, NJ","id":"105","address":"1 Sabol Way","lat":"41.3240021","lng":"-82.0507627","Address - Locality":"Mt. Laurel","Address - Administrative Area (i.e. State \/ Province)":"NJ","service":"Energy","desc":"In Mt. Laurel, New Jersey, Veolia provides fa..."}, {"name":"Nashville, TN","id":"106","address":"708 Swan Drive","lat":"36.0000073","lng":"-86.4933874","Address - Locality":"Smyrna","Address - Administrative Area (i.e. State \/ Province)":"TN","service":"Regulated Waste & Resource Recovery","desc":"The Veolia North America - Smyrna, TN \u00a0f..."}, {"name":"New Lenox, IL","id":"107","address":"106 Ford Drive","lat":"38.1594585","lng":"-122.247470","Address - Locality":"New Lenox","Address - Administrative Area (i.e. State \/ Province)":"IL","service":"Industrial Cleaning & Maintenance","desc":"Powerful Industrial Services in New Lenox\nVe..."}, {"name":"New London, CT","id":"108","address":"Address","lat":"41.6763577","lng":"-71.5372181","Address - Locality":"New London","Address - Administrative Area (i.e. State \/ Province)":"CT","service":"Water & Wastewater Services","desc":"10-year, $59 million operations and managemen..."}, {"name":"New Orleans KOH","id":"109","address":"500 Bonita Drive","lat":"32.3685331","lng":"-88.6616458","Address - Locality":"Chalmette","Address - Administrative Area (i.e. State \/ Province)":"LA","service":"","desc":"Location description"}, {"name":"New Orleans, LA","id":"110","address":"Address","lat":"41.6763577","lng":"-71.5372181","Address - Locality":"New Orleans","Address - Administrative Area (i.e. State \/ Province)":"LA","service":"Water & Wastewater Services","desc":"Veolia North America plays a key role in mana..."}, {"name":"New York City","id":"111","address":"Address","lat":"41.6763577","lng":"-71.5372181","Address - Locality":"New York City","Address - Administrative Area (i.e. State \/ Province)":"NY","service":"Water & Wastewater Services","desc":"Pioneering partnership on New York City's Ope..."}, {"name":"New York, NY","id":"112","address":"Location","lat":"-25.739422","lng":"28.1758982","Address - Locality":"New York City","Address - Administrative Area (i.e. State \/ Province)":"NY","service":"Energy","desc":"In New York City, Veolia operates and maintai..."}, {"name":"Newington, CT","id":"113","address":"136 Rockwell Road","lat":"41.39961","lng":"-73.388951","Address - Locality":"Newington","Address - Administrative Area (i.e. State \/ Province)":"CT","service":"Regulated Waste & Resource Recovery","desc":"The Veolia North America (VNA) Newington, Con..."}, {"name":"Nitro, WV","id":"114","address":"7 Park Drive Hub Industrial Center","lat":"","lng":"","Address - Locality":"Nitro","Address - Administrative Area (i.e. State \/ Province)":"WV","service":"Industrial Cleaning & Maintenance","desc":"Veolia North America provides turn-key indust..."}, {"name":"North East, MD","id":"115","address":"95 North Leslie Road","lat":"39.619086","lng":"-75.954448","Address - Locality":"North East","Address - Administrative Area (i.e. State \/ Province)":"MD","service":"Industrial Cleaning & Maintenance","desc":"Veolia Environmental Services provides turn-k..."}, {"name":"North Jackson, OH","id":"116","address":"12480 B DeBartolo Drive","lat":"41.094861","lng":"-80.884517","Address - Locality":"North Jackson","Address - Administrative Area (i.e. State \/ Province)":"OH","service":"Regulated Waste & Resource Recovery","desc":"The Veolia North America North Jackson, Ohio..."}, {"name":"North Salt Lake, UT","id":"117","address":"709 N. Taylor Way, Suite 1","lat":"37.9722934","lng":"-100.883644","Address - Locality":"North Salt Lake","Address - Administrative Area (i.e. State \/ Province)":"UT","service":"Regulated Waste & Resource Recovery","desc":"The Veolia North America (VNA) North Salt Lak..."}, {"name":"North Salt Lake, UT","id":"118","address":"709 N. Taylor Way, Suite B","lat":"37.9722934","lng":"-100.883644","Address - Locality":"North Salt Lake","Address - Administrative Area (i.e. State \/ Province)":"UT","service":"Industrial Cleaning & Maintenance","desc":"Veolia North America provides turn-key indust..."}, {"name":"Norway, MI","id":"119","address":"410 11th Avenue","lat":"40.756264","lng":"-74.0016329","Address - Locality":"Norway","Address - Administrative Area (i.e. State \/ Province)":"MI","service":"Industrial Cleaning & Maintenance","desc":"Veolia North America provides turn-key indust..."}, {"name":"Oklahoma City, OK","id":"120","address":"Address","lat":"41.6763577","lng":"-71.5372181","Address - Locality":"Oklahoma City","Address - Administrative Area (i.e. State \/ Province)":"OK","service":"Water & Wastewater Services","desc":"Through a highly successful 25-year public-pr..."}, {"name":"Oklahoma City, Okla. ","id":"121","address":"Location","lat":"-25.739422","lng":"28.1758982","Address - Locality":"Oklahoma City","Address - Administrative Area (i.e. State \/ Province)":"OK","service":"Energy","desc":"In Oklahoma City, Veolia's district energy ne..."}, {"name":"Ottawa, ON","id":"122","address":"4140 Belgreen Dr","lat":"29.4273031","lng":"-98.6270838","Address - Locality":"Ottawa","Address - Administrative Area (i.e. State \/ Province)":"ON","service":"Regulated Waste & Resource Recovery","desc":"Veolia North America provides hazardous mater..."}, {"name":"Ottawa, ONTARIO","id":"123","address":"4140 Belgreen Dr","lat":"29.4273031","lng":"-98.6270838","Address - Locality":"Ottawa","Address - Administrative Area (i.e. State \/ Province)":"ON","service":"Regulated Waste & Resource Recovery","desc":"Veolia North America fournit des services de..."}, {"name":"Philadelphia, PA","id":"124","address":"3100 Hedley Street","lat":"39.9922068","lng":"-75.0737146","Address - Locality":"Philadelphia","Address - Administrative Area (i.e. State \/ Province)":"PA","service":"Regulated Waste & Resource Recovery","desc":"Philadelphia, PA is a VPP Site! Read more abo..."}, {"name":"Philadelphia, Pa.","id":"125","address":"Location","lat":"-25.739422","lng":"28.1758982","Address - Locality":"Philadelphia","Address - Administrative Area (i.e. State \/ Province)":"PA","service":"Energy","desc":"In Philadelphia, Veolia's district energy net..."}, {"name":"Phoenix, AZ","id":"126","address":"5736 West Jefferson","lat":"42.1384876","lng":"-83.1786016","Address - Locality":"Phoenix","Address - Administrative Area (i.e. State \/ Province)":"AZ","service":"Regulated Waste & Resource Recovery","desc":"The Veolia North America Phoenix, Arizona fac..."}, {"name":"Pickering, ON","id":"127","address":"820 McKay Road","lat":"33.3790829","lng":"-85.7159275","Address - Locality":"Pickering","Address - Administrative Area (i.e. State \/ Province)":"ON","service":"Regulated Waste & Resource Recovery, Industrial Cleaning & Maintenance","desc":"Veolia North America provides hazardous mater..."}, {"name":"Pickering, ON","id":"128","address":"820 McKay Road","lat":"33.3790829","lng":"-85.7159275","Address - Locality":"Pickering","Address - Administrative Area (i.e. State \/ Province)":"ON","service":"Industrial Cleaning & Maintenance","desc":"820 McKay Road\nPickering ON\u00a0L1W 2Y4..."}, {"name":"Pickering, ONTARIO","id":"129","address":"820 McKay Road","lat":"33.3790829","lng":"-85.7159275","Address - Locality":"Pickering","Address - Administrative Area (i.e. State \/ Province)":"ON","service":"Regulated Waste & Resource Recovery, Industrial Cleaning & Maintenance","desc":"Veolia North America fournit des services de..."}, {"name":"Pittsburg, TX","id":"130","address":"204 N. Greer Blvd","lat":"32.9972305","lng":"-94.9587561","Address - Locality":"Pittsburg","Address - Administrative Area (i.e. State \/ Province)":"TX","service":"Industrial Cleaning & Maintenance","desc":"Veolia North America provides turn-key indust..."}, {"name":"Pittsburgh, PA","id":"131","address":"Address","lat":"41.6763577","lng":"-71.5372181","Address - Locality":"Pittsburgh","Address - Administrative Area (i.e. State \/ Province)":"PA","service":"Water & Wastewater Services","desc":"The Pittsburgh Water and Sewer Authority (PWS..."}, {"name":"Poca, WV","id":"132","address":"350 Jacobson Drive","lat":"38.4534329","lng":"-81.821937","Address - Locality":"Poca","Address - Administrative Area (i.e. State \/ Province)":"WV","service":"Regulated Waste & Resource Recovery","desc":"The Veolia North America Poca, West Virginia..."}, {"name":"Ponca City, OK","id":"133","address":"704 E. Hubbard Road","lat":"43.5173121","lng":"-116.385292","Address - Locality":"Ponca City","Address - Administrative Area (i.e. State \/ Province)":"OK","service":"Industrial Cleaning & Maintenance","desc":"Veolia North America provides turn-key indust..."}, {"name":"Port Arthur, TX","id":"134","address":"5959 Highway 69","lat":"33.2643275","lng":"-87.5720759","Address - Locality":"Port Arthur","Address - Administrative Area (i.e. State \/ Province)":"TX","service":"Industrial Cleaning & Maintenance","desc":"Veolia North America provides turn-key indust..."}, {"name":"Port Arthur, TX","id":"135","address":"7665 Texas Highway 73","lat":"29.9577721","lng":"-93.8778321","Address - Locality":"Beaumont","Address - Administrative Area (i.e. State \/ Province)":"TX","service":"Regulated Waste & Resource Recovery","desc":"The Veolia North America Port Arthur, Texas T..."}, {"name":"Port Washington, WI","id":"136","address":"1275 Mineral Springs Drive","lat":"43.3716933","lng":"-87.8886938","Address - Locality":"Port Washington","Address - Administrative Area (i.e. State \/ Province)":"WI","service":"Regulated Waste & Resource Recovery","desc":"The Veolia North America (VNA) Port Washingto..."}, {"name":"Portland, OR","id":"137","address":"1477 Northwest Everett Street","lat":"45.5252454","lng":"-122.685920","Address - Locality":"Portland","Address - Administrative Area (i.e. State \/ Province)":"OR","service":"Energy","desc":"In Portland, Veolia serves 8 customers in the..."}, {"name":"Puerto Rico, USA","id":"138","address":"Address","lat":"41.6763577","lng":"-71.5372181","Address - Locality":"Juana Diaz","Address - Administrative Area (i.e. State \/ Province)":"PR","service":"Energy","desc":"A leading medical device company retained Veo..."}, {"name":"Red Lion","id":"139","address":"766 Governor Lea Road, New Castle, New Castle County","lat":"39.59482","lng":"-75.636266","Address - Locality":"Delaware City","Address - Administrative Area (i.e. State \/ Province)":"DE","service":"Water & Wastewater Services","desc":"Veolia owns, operates and maintains the Red L..."}, {"name":"Rialto, CA","id":"140","address":"Address","lat":"41.6763577","lng":"-71.5372181","Address - Locality":"Rialto","Address - Administrative Area (i.e. State \/ Province)":"CA","service":"Water & Wastewater Services","desc":"Innovative concession contract demonstrates a..."}, {"name":"Richmond, CA","id":"141","address":"1125 Hensley Street","lat":"37.9492986","lng":"-122.363685","Address - Locality":"Richmond","Address - Administrative Area (i.e. State \/ Province)":"CA","service":"Regulated Waste & Resource Recovery","desc":"Richmond, CA is a VPP Site!\u00a0Read more ab..."}, {"name":"Richmond, CA","id":"142","address":"Address","lat":"41.6763577","lng":"-71.5372181","Address - Locality":"Richmond","Address - Administrative Area (i.e. State \/ Province)":"CA","service":"Water & Wastewater Services","desc":"In an effort to curb excursions at its wastew..."}, {"name":"Richmond, VA","id":"143","address":"1201 Bellwood Road","lat":"37.4164161","lng":"-77.4121583","Address - Locality":"Richmond","Address - Administrative Area (i.e. State \/ Province)":"VA","service":"Water & Wastewater Services","desc":"Veolia provides sulfur products services from..."}, {"name":"Richmond, VA","id":"144","address":"2910 Deepwater Terminal Road","lat":"37.483696","lng":"-77.430013","Address - Locality":"Richmond","Address - Administrative Area (i.e. State \/ Province)":"VA","service":"Regulated Waste & Resource Recovery","desc":"The Veolia North America Richmond, Virginia f..."}, {"name":"Rockdale, TX","id":"145","address":"4437 South US Hwy 77","lat":"30.6083556","lng":"-97.0058814","Address - Locality":"Rockdale","Address - Administrative Area (i.e. State \/ Province)":"TX","service":"Industrial Cleaning & Maintenance","desc":"Veolia North America provides turn-key indust..."}, {"name":"Rouyn-Noranda, QC","id":"146","address":"137 Avenue Marcel-Baril","lat":"48.2592199","lng":"-79.0151828","Address - Locality":"Rouyn-Noranda","Address - Administrative Area (i.e. State \/ Province)":"QC","service":"","desc":"Email contact: andre.poulin@veolia.com"}, {"name":"Rouyn-Noranda, QC","id":"147","address":"137 Avenue Marcel-Baril","lat":"48.2592199","lng":"-79.0151828","Address - Locality":"Rouyn-Noranda","Address - Administrative Area (i.e. State \/ Province)":"QC","service":"Regulated Waste & Resource Recovery, Industrial Cleaning & Maintenance","desc":"Contact courriel\u00a0: andre.poulin@veolia.c..."}, {"name":"Sacramento, CA","id":"148","address":"8310 Umbria Avenue","lat":"38.5211015","lng":"-121.392122","Address - Locality":"Sacramento","Address - Administrative Area (i.e. State \/ Province)":"CA","service":"Regulated Waste & Resource Recovery","desc":"Veolia North America (VNA) Sacramento, Califo..."}, {"name":"Saddleback College","id":"149","address":"Saddleback College","lat":"33.5509036","lng":"-117.665581","Address - Locality":"Mission Viejo","Address - Administrative Area (i.e. State \/ Province)":"CA","service":"Energy","desc":"Under a five-year contract, Veolia is providi..."}, {"name":"San Diego, CA","id":"150","address":"9530 Candida Street","lat":"32.8963363","lng":"-117.122296","Address - Locality":"San Diego","Address - Administrative Area (i.e. State \/ Province)":"CA","service":"Regulated Waste & Resource Recovery","desc":"Veolia North America-San Diego offers Field a..."}, {"name":"San Ysidro, CA","id":"151","address":"Address","lat":"41.6763577","lng":"-71.5372181","Address - Locality":"San Ysidro","Address - Administrative Area (i.e. State \/ Province)":"CA","service":"Water & Wastewater Services","desc":"Long-term public-private partnership ensures..."}, {"name":"Sarnia, ON","id":"152","address":"275 Campbell Street","lat":"35.625963","lng":"-88.824689","Address - Locality":"Sarnia","Address - Administrative Area (i.e. State \/ Province)":"ON","service":"Industrial Cleaning & Maintenance","desc":"Veolia North America provides turn-key indust..."}, {"name":"Sarnia, ON","id":"153","address":"605 Scott Road","lat":"36.105028","lng":"-80.49245","Address - Locality":"Sarnia","Address - Administrative Area (i.e. State \/ Province)":"ON","service":"Industrial Cleaning & Maintenance","desc":"Veolia North America provides specialized ind..."}, {"name":"Sarnia, ONTARIO","id":"154","address":"275 Campbell Street","lat":"35.625963","lng":"-88.824689","Address - Locality":"Sarnia","Address - Administrative Area (i.e. State \/ Province)":"ON","service":"Industrial Cleaning & Maintenance","desc":"Veolia North America fournit des services cl\u00e9..."}, {"name":"Sarnia, Ontario","id":"155","address":"605 Scott Road","lat":"36.105028","lng":"-80.49245","Address - Locality":"Sarnia","Address - Administrative Area (i.e. State \/ Province)":"ON","service":"Industrial Cleaning & Maintenance","desc":"Veolia North America fournit des services ind..."}, {"name":"Sauget, IL","id":"156","address":"7 Mobile Avenue","lat":"40.569614","lng":"-74.1244248","Address - Locality":"Sauget","Address - Administrative Area (i.e. State \/ Province)":"IL","service":"Regulated Waste & Resource Recovery","desc":"The Veolia North America-Trade Waste Incinera..."}, {"name":"Schenectady, NY","id":"157","address":"126 Morris Road","lat":"40.1525592","lng":"-75.234097","Address - Locality":"Schenactady","Address - Administrative Area (i.e. State \/ Province)":"NY","service":"Regulated Waste & Resource Recovery","desc":"The Veolia North America Schenectady, NY faci..."}, {"name":"Schererville, IN","id":"158","address":"500 Kennedy Avenue","lat":"41.513143","lng":"-87.462457","Address - Locality":"Schererville","Address - Administrative Area (i.e. State \/ Province)":"IN","service":"Industrial Cleaning & Maintenance","desc":""}, {"name":"Sept-\u00eeles, QC","id":"159","address":"268 des Pionniers","lat":"45.0105941","lng":"-72.1613778","Address - Locality":"Sept-\u00eeles","Address - Administrative Area (i.e. State \/ Province)":"QC","service":"","desc":"Email contact: jonathan.martel@veolia.com..."}, {"name":"Sept-\u00eeles, QC","id":"160","address":"268 des Pionniers","lat":"45.0105941","lng":"-72.1613778","Address - Locality":"Sept-\u00eeles","Address - Administrative Area (i.e. State \/ Province)":"QC","service":"Regulated Waste & Resource Recovery, Industrial Cleaning & Maintenance","desc":"Contact courriel\u00a0: jonathan.martel@veoli..."}, {"name":"Sheboygan, WI","id":"161","address":"635 Old County Road PP","lat":"43.72078","lng":"-87.830284","Address - Locality":"Sheboygan Falls","Address - Administrative Area (i.e. State \/ Province)":"WI","service":"Industrial Cleaning & Maintenance","desc":"Veolia North America provides turn-key indust..."}, {"name":"St-Hyacinthe, Qu\u00e9bec","id":"162","address":"7950 Pion","lat":"46.9018485","lng":"-92.6132969","Address - Locality":"St.-Hyacinthe","Address - Administrative Area (i.e. State \/ Province)":"QC","service":"","desc":"."}, {"name":"St-R\u00e9mi, QC","id":"163","address":"77 St-R\u00e9mi","lat":"48.2136586","lng":"-116.573307","Address - Locality":"St-R\u00e9mi","Address - Administrative Area (i.e. State \/ Province)":"QC","service":"","desc":""}, {"name":"St-R\u00e9mi, Qu\u00e9bec","id":"164","address":"77 St-R\u00e9mi","lat":"48.2136586","lng":"-116.573307","Address - Locality":"St-R\u00e9mi","Address - Administrative Area (i.e. State \/ Province)":"QC","service":"","desc":"."}, {"name":"St-Romuald","id":"165","address":"857 rue de L'\u00c9glise","lat":"45.4631452","lng":"-73.5743654","Address - Locality":"L\u00e9vis","Address - Administrative Area (i.e. State \/ Province)":"QC","service":"Industrial Cleaning & Maintenance","desc":"Email contact: eric.isabelle@veolia.com"}, {"name":"St-Romuald, Qu\u00e9bec","id":"166","address":"857 rue de L'\u00c9glise","lat":"45.4631452","lng":"-73.5743654","Address - Locality":"L\u00e9vis","Address - Administrative Area (i.e. State \/ Province)":"QC","service":"Industrial Cleaning & Maintenance","desc":"Contact courriel\u00a0: eric.isabelle@veolia...."}, {"name":"St. Louis, MO","id":"167","address":"Location","lat":"-25.739422","lng":"28.1758982","Address - Locality":"St. Louis","Address - Administrative Area (i.e. State \/ Province)":"MO","service":"Energy","desc":"Veolia's Trigen-St. Louis district energy net..."}, {"name":"St.-Hyacinthe, QC","id":"168","address":"7950 Pion","lat":"46.9018485","lng":"-92.6132969","Address - Locality":"St.-Hyacinthe","Address - Administrative Area (i.e. State \/ Province)":"QC","service":"","desc":"Contact: mike.gagnon@veolia.com"}, {"name":"Sulphur, LA","id":"169","address":"3297 Metric Drive","lat":"30.2053355","lng":"-93.3304292","Address - Locality":"Sulphur","Address - Administrative Area (i.e. State \/ Province)":"LA","service":"Industrial Cleaning & Maintenance","desc":"Email contact: john.bourgeois@veolia.com..."}, {"name":"Sulphur, LA","id":"170","address":"800 Ravia Road","lat":"30.190173","lng":"-93.363064","Address - Locality":"Sulphur","Address - Administrative Area (i.e. State \/ Province)":"LA","service":"Industrial Cleaning & Maintenance","desc":"Email contact: jerry.chaumont@veolia.com..."}, {"name":"Tallahassee, FL","id":"171","address":"342 Marpan Lane","lat":"30.3632546","lng":"-84.2683622","Address - Locality":"Tallahassee","Address - Administrative Area (i.e. State \/ Province)":"FL","service":"Regulated Waste & Resource Recovery","desc":"The Veolia North America (VNA) Tallahassee, F..."}, {"name":"Tampa Bay, FL","id":"172","address":"Address","lat":"41.6763577","lng":"-71.5372181","Address - Locality":"Tampa Bay","Address - Administrative Area (i.e. State \/ Province)":"FL","service":"Water & Wastewater Services","desc":"To implement this project for Tampa Bay Water..."}, {"name":"T\u00e9miscaming, QC","id":"173","address":"200 de la Carri\u00e8re, Bureau 4","lat":"45.441716","lng":"-75.728289","Address - Locality":"T\u00e9miscaming","Address - Administrative Area (i.e. State \/ Province)":"QC","service":"Industrial Cleaning & Maintenance","desc":"contact: andre.poulin@veolia.com"}, {"name":"T\u00e9miscaming, Qu\u00e9bec","id":"174","address":"200 de la Carri\u00e8re, Bureau 4","lat":"45.441716","lng":"-75.728289","Address - Locality":"T\u00e9miscaming","Address - Administrative Area (i.e. State \/ Province)":"QC","service":"Industrial Cleaning & Maintenance","desc":"."}, {"name":"The Dimock Center","id":"175","address":"The Dimock Center","lat":"42.3195504","lng":"-71.0982865","Address - Locality":"Boston","Address - Administrative Area (i.e. State \/ Province)":"MA","service":"Energy","desc":"SourceOne, a nationally recognized energy man..."}, {"name":"The Venetian","id":"176","address":"The Venetian","lat":"41.904099","lng":"-87.6357374","Address - Locality":"Las Vegas","Address - Administrative Area (i.e. State \/ Province)":"NV","service":"Energy","desc":"In Las Vegas, Veolia has a long-term contract..."}, {"name":"Thomas Jefferson University Hospital","id":"177","address":"Thomas Jefferson University Hospital","lat":"","lng":"","Address - Locality":"Philadelphia","Address - Administrative Area (i.e. State \/ Province)":"PA","service":"Energy","desc":"With a $24 million capital cost, Veolia desig..."}, {"name":"Time Warner Center","id":"178","address":"Address","lat":"41.6763577","lng":"-71.5372181","Address - Locality":"New York City","Address - Administrative Area (i.e. State \/ Province)":"NY","service":"","desc":"Located in central Manhattan, Time Warner Cen..."}, {"name":"Timmins, ON","id":"179","address":"2-374 Crawford Street","lat":"29.7585755","lng":"-95.3560168","Address - Locality":"South Porcupine","Address - Administrative Area (i.e. State \/ Province)":"ON","service":"Regulated Waste & Resource Recovery, Industrial Cleaning & Maintenance","desc":"Veolia North America provides turn-key indust..."}, {"name":"Timmins, ONTARIO","id":"180","address":"2-374 Crawford Street","lat":"29.7585755","lng":"-95.3560168","Address - Locality":"South Porcupine","Address - Administrative Area (i.e. State \/ Province)":"ON","service":"Regulated Waste & Resource Recovery, Industrial Cleaning & Maintenance","desc":"Veolia North America fournit des services cl\u00e9..."}, {"name":"Tonawanda, NY","id":"181","address":"4400 River Road","lat":"29.9070438","lng":"-90.0968399","Address - Locality":"Tonawanda","Address - Administrative Area (i.e. State \/ Province)":"NY","service":"Regulated Waste & Resource Recovery","desc":"The Veolia North America (VNA) Tonawanda, New..."}, {"name":"Toronto, Ontario","id":"182","address":"Address","lat":"41.6763577","lng":"-71.5372181","Address - Locality":"Toronto","Address - Administrative Area (i.e. State \/ Province)":"ON","service":"Water & Wastewater Services","desc":"Veolia North America provides environmentally..."}, {"name":"Trenton, NJ","id":"183","address":"Location","lat":"-25.739422","lng":"28.1758982","Address - Locality":"Trenton","Address - Administrative Area (i.e. State \/ Province)":"NJ","service":"Energy","desc":"In Trenton, Veolia's district energy network..."}, {"name":"Trois-Rivi\u00e8res, QC","id":"184","address":"2895 Jules Vachon Nord","lat":"","lng":"","Address - Locality":"Trois-Rivi\u00e8res","Address - Administrative Area (i.e. State \/ Province)":"QC","service":"","desc":"Email contact: rene.st-hilaire@veolia.com..."}, {"name":"Trois-Rivi\u00e8res, QC","id":"185","address":"2895 Jules Vachon Nord","lat":"","lng":"","Address - Locality":"Trois-Rivi\u00e8res","Address - Administrative Area (i.e. State \/ Province)":"QC","service":"","desc":"Contact courriel: andre.doucet@veolia.com..."}, {"name":"Tulsa, OK","id":"186","address":"Location","lat":"-25.739422","lng":"28.1758982","Address - Locality":"Tulsa","Address - Administrative Area (i.e. State \/ Province)":"OK","service":"Energy","desc":"In Tulsa, Veolia's district energy network se..."}, {"name":"URHU","id":"187","address":"8010 Emilien-Letarte","lat":"45.6535229","lng":"-72.971085","Address - Locality":"St-Hyacinthe","Address - Administrative Area (i.e. State \/ Province)":"QC","service":"","desc":"Contact: martin.bouchard@veolia.com"}, {"name":"Van Andel Institute","id":"188","address":"The Van Andel Institute","lat":"","lng":"","Address - Locality":"Grand Rapids","Address - Administrative Area (i.e. State \/ Province)":"MI","service":"Energy","desc":"Providing 24\/7 steam and for a 400,000 square..."}, {"name":"Vancouver, WA","id":"189","address":"5720-C NE, 121st Ave., Suite 105","lat":"45.6645385","lng":"-122.551385","Address - Locality":"Vancouver","Address - Administrative Area (i.e. State \/ Province)":"WA","service":"Regulated Waste & Resource Recovery","desc":"Vancouver, WA is a VPP Site! Read more about..."}, {"name":"Vineland, NJ","id":"190","address":"Address","lat":"41.6763577","lng":"-71.5372181","Address - Locality":"Vineland","Address - Administrative Area (i.e. State \/ Province)":"NJ","service":"Energy","desc":"To provide efficient and cost-effective power..."}, {"name":"Wampum, PA","id":"191","address":"2138 State Route 18","lat":"40.8585935","lng":"-80.3271723","Address - Locality":"Wampum","Address - Administrative Area (i.e. State \/ Province)":"PA","service":"Regulated Waste & Resource Recovery","desc":"Veolia North America\u2019s Alaron Nuclear Service..."}, {"name":"Wantagh, NY","id":"192","address":"3001 Burns Avenue","lat":"42.3665187","lng":"-82.9985156","Address - Locality":"Wantagh","Address - Administrative Area (i.e. State \/ Province)":"NY","service":"Regulated Waste & Resource Recovery","desc":"The Veolia North America (VNA) Wantagh, New Y..."}, {"name":"West Bridgewater, MA","id":"193","address":"90 Pleasant Street","lat":"42.4267472","lng":"-71.0697634","Address - Locality":"West Bridgewater","Address - Administrative Area (i.e. State \/ Province)":"MA","service":"Regulated Waste & Resource Recovery","desc":"West Bridgewater features the latest state-of..."}, {"name":"West Bridgewater, MA","id":"194","address":"90 Pleasant Street","lat":"42.4267472","lng":"-71.0697634","Address - Locality":"West Bridgewater","Address - Administrative Area (i.e. State \/ Province)":"MA","service":"Regulated Waste & Resource Recovery","desc":""}, {"name":"West Carrollton, OH","id":"195","address":"4301 Infirmary Road","lat":"39.683826","lng":"-84.277522","Address - Locality":"West Carrollton","Address - Administrative Area (i.e. State \/ Province)":"OH","service":"Regulated Waste & Resource Recovery","desc":"The location is open and is a base for servic..."}, {"name":"Westland, MI","id":"196","address":"6060 Hix Road","lat":"42.3279911","lng":"-83.4176939","Address - Locality":"Westland","Address - Administrative Area (i.e. State \/ Province)":"MI","service":"","desc":"Veolia North America provides turn-key indust..."}, {"name":"Wilmington","id":"197","address":"1007 Market Street, D-3084","lat":"37.761177","lng":"-122.443116","Address - Locality":"Wilmington","Address - Administrative Area (i.e. State \/ Province)":"DE","service":"Water & Wastewater Services","desc":"Our location in Wilmington, DE serves as the..."}, {"name":"Wilmington, DE","id":"198","address":"Address","lat":"41.6763577","lng":"-71.5372181","Address - Locality":"Wilmington","Address - Administrative Area (i.e. State \/ Province)":"DE","service":"Water & Wastewater Services","desc":"Veolia North America assumed operations\/maint..."}, {"name":"Windsor, QC","id":"199","address":"316 du Parc Industriel","lat":"50.2204754","lng":"5.325771","Address - Locality":"Windsor","Address - Administrative Area (i.e. State \/ Province)":"QC","service":"","desc":"Email contact: michel.gagnon@veolia.com"}, {"name":"Windsor, Qu\u00e9bec","id":"200","address":"316 du Parc Industriel","lat":"50.2204754","lng":"5.325771","Address - Locality":"Windsor","Address - Administrative Area (i.e. State \/ Province)":"QC","service":"","desc":"Contact courriel\u00a0: michel.gagnon@veolia...."}, {"name":"Wurtland, KY","id":"201","address":"400 Harris Road, Wurtland, Greenup County","lat":"38.5519371","lng":"-82.7881835","Address - Locality":"Wurtland","Address - Administrative Area (i.e. State \/ Province)":"KY","service":"Water & Wastewater Services","desc":"Veolia provides sulfur products services from..."}, {"name":"York, PA","id":"202","address":"1530 Clugston Road","lat":"39.9841679","lng":"-76.759013","Address - Locality":"York","Address - Administrative Area (i.e. State \/ Province)":"PA","service":"Regulated Waste & Resource Recovery","desc":"York, PA is a VPP Site! Read more about Veoli..."}]
